id,name
1,Human Resources Manager
2,Social Worker
3,General Manager
4,Professor
5,Research Assistant I
6,Associate Professor
7,Analyst Programmer
8,Senior Quality Engineer
9,Marketing Assistant
10,VP Quality Control
11,Human Resources Manager
12,Senior Quality Engineer
13,Research Nurse
14,Analog Circuit Design manager
15,Design Engineer
16,Desktop Support Technician
17,Analyst Programmer
18,Accounting Assistant III
19,Compensation Analyst
20,Safety Technician IV
21,VP Marketing
22,Social Worker
23,Software Engineer III
24,Senior Financial Analyst
25,Civil Engineer
26,Desktop Support Technician
27,Research Assistant I
28,Account Representative II
29,Account Coordinator
30,Statistician III
31,Product Engineer
32,Assistant Media Planner
33,Health Coach II
34,Graphic Designer
35,Actuary
36,Software Test Engineer IV
37,Dental Hygienist
38,Electrical Engineer
39,Executive Secretary
40,Web Developer II
41,Structural Engineer
42,Programmer Analyst III
43,Systems Administrator IV
44,Budget/Accounting Analyst III
45,Administrative Assistant III
46,Programmer Analyst I
47,Staff Accountant IV
48,Automation Specialist III
49,Senior Quality Engineer
50,General Manager
51,Registered Nurse
52,Technical Writer
53,Accounting Assistant II
54,Computer Systems Analyst I
55,Accountant II
56,Editor
57,Physical Therapy Assistant
58,Software Test Engineer II
59,Speech Pathologist
60,Tax Accountant
61,Food Chemist
62,Internal Auditor
63,Food Chemist
64,Internal Auditor
65,Biostatistician III
66,Geological Engineer
67,Project Manager
68,Administrative Assistant IV
69,Financial Advisor
70,Staff Scientist
71,Marketing Manager
72,Assistant Media Planner
73,Web Developer III
74,Director of Sales
75,Paralegal
76,Structural Engineer
77,Software Consultant
78,General Manager
79,Structural Engineer
80,Business Systems Development Analyst
81,Sales Representative
82,Account Representative I
83,Account Executive
84,Chief Design Engineer
85,Desktop Support Technician
86,Computer Systems Analyst I
87,Budget/Accounting Analyst IV
88,Accountant I
89,Mechanical Systems Engineer
90,Physical Therapy Assistant
91,Budget/Accounting Analyst IV
92,Librarian
93,VP Sales
94,Assistant Media Planner
95,Quality Control Specialist
96,Social Worker
97,Nurse Practicioner
98,Senior Sales Associate
99,Safety Technician II
100,Web Designer IV
101,Developer II
102,Design Engineer
103,Research Nurse
104,Help Desk Operator
105,Programmer Analyst II
106,Automation Specialist III
107,Geologist IV
108,Media Manager IV
109,Chief Design Engineer
110,Technical Writer
111,Administrative Officer
112,Assistant Manager
113,Budget/Accounting Analyst I
114,Nurse Practicioner
115,Civil Engineer
116,Staff Scientist
117,Nuclear Power Engineer
118,Systems Administrator III
119,Statistician I
120,Quality Engineer
121,Pharmacist
122,Safety Technician IV
123,Graphic Designer
124,Nurse
125,Senior Cost Accountant
126,Senior Financial Analyst
127,Chief Design Engineer
128,Registered Nurse
129,Executive Secretary
130,Help Desk Technician
131,Systems Administrator IV
132,Actuary
133,Media Manager III
134,Accountant II
135,Help Desk Operator
136,Recruiter
137,Programmer Analyst IV
138,Research Associate
139,Senior Sales Associate
140,Administrative Assistant II
141,Business Systems Development Analyst
142,Media Manager III
143,Automation Specialist III
144,Account Executive
145,Financial Analyst
146,Administrative Assistant II
147,Geological Engineer
148,Software Engineer II
149,Geological Engineer
150,Web Designer IV
151,Administrative Officer
152,Clinical Specialist
153,Executive Secretary
154,Civil Engineer
155,Environmental Specialist
156,Accounting Assistant IV
157,Community Outreach Specialist
158,Business Systems Development Analyst
159,Senior Editor
160,Nurse Practicioner
161,Human Resources Assistant IV
162,Business Systems Development Analyst
163,Sales Representative
164,Account Representative I
165,Information Systems Manager
166,Structural Engineer
167,Senior Quality Engineer
168,Pharmacist
169,Software Test Engineer II
170,Environmental Tech
171,Geological Engineer
172,Physical Therapy Assistant
173,Budget/Accounting Analyst III
174,Quality Control Specialist
175,Statistician III
176,Recruiting Manager
177,Staff Accountant IV
178,VP Sales
179,Information Systems Manager
180,Developer IV
181,Geologist IV
182,Accounting Assistant I
183,Account Coordinator
184,Computer Systems Analyst II
185,Civil Engineer
186,Safety Technician II
187,Editor
188,Nuclear Power Engineer
189,Media Manager IV
190,Account Coordinator
191,Technical Writer
192,Nurse Practicioner
193,Compensation Analyst
194,Web Developer III
195,Tax Accountant
196,Community Outreach Specialist
197,Quality Engineer
198,Senior Financial Analyst
199,Nurse
200,Environmental Specialist
201,Accountant IV
202,Chemical Engineer
203,Senior Cost Accountant
204,Staff Accountant I
205,Computer Systems Analyst II
206,Computer Systems Analyst II
207,Software Engineer I
208,Professor
209,Design Engineer
210,VP Product Management
211,Assistant Professor
212,VP Product Management
213,Engineer III
214,Chemical Engineer
215,Desktop Support Technician
216,Assistant Professor
217,Occupational Therapist
218,Executive Secretary
219,Social Worker
220,Director of Sales
221,Analyst Programmer
222,Marketing Assistant
223,Web Developer III
224,Financial Analyst
225,Internal Auditor
226,Chief Design Engineer
227,Tax Accountant
228,Help Desk Operator
229,Registered Nurse
230,Occupational Therapist
231,Nuclear Power Engineer
232,Financial Advisor
233,Internal Auditor
234,Legal Assistant
235,Community Outreach Specialist
236,Legal Assistant
237,Geological Engineer
238,Geological Engineer
239,Senior Editor
240,Structural Analysis Engineer
241,Marketing Manager
242,Staff Accountant III
243,Web Designer IV
244,Cost Accountant
245,Software Consultant
246,VP Accounting
247,Software Test Engineer II
248,Teacher
249,Electrical Engineer
250,Health Coach I
251,Administrative Assistant IV
252,Geological Engineer
253,General Manager
254,Staff Scientist
255,Nurse
256,Director of Sales
257,VP Accounting
258,Environmental Tech
259,Business Systems Development Analyst
260,Operator
261,Financial Advisor
262,Web Designer I
263,Desktop Support Technician
264,Legal Assistant
265,Project Manager
266,Automation Specialist II
267,Research Assistant IV
268,Geological Engineer
269,Information Systems Manager
270,Structural Engineer
271,Media Manager I
272,Systems Administrator IV
273,Human Resources Manager
274,Assistant Manager
275,Statistician I
276,Developer III
277,VP Marketing
278,Software Engineer II
279,Quality Control Specialist
280,Civil Engineer
281,Help Desk Operator
282,Professor
283,Mechanical Systems Engineer
284,Research Nurse
285,Desktop Support Technician
286,Product Engineer
287,VP Product Management
288,General Manager
289,Speech Pathologist
290,Information Systems Manager
291,VP Marketing
292,Product Engineer
293,VP Accounting
294,Executive Secretary
295,Pharmacist
296,Administrative Assistant III
297,Nuclear Power Engineer
298,Safety Technician I
299,Account Representative II
300,Automation Specialist II
301,Marketing Manager
302,Compensation Analyst
303,VP Marketing
304,Safety Technician III
305,Speech Pathologist
306,Research Assistant IV
307,Graphic Designer
308,Executive Secretary
309,Occupational Therapist
310,Accountant I
311,Junior Executive
312,Nuclear Power Engineer
313,Biostatistician II
314,Technical Writer
315,Quality Engineer
316,Programmer Analyst I
317,Senior Financial Analyst
318,Recruiting Manager
319,Staff Scientist
320,Clinical Specialist
321,Mechanical Systems Engineer
322,Database Administrator IV
323,Research Associate
324,Marketing Manager
325,Teacher
326,Sales Associate
327,GIS Technical Architect
328,Software Engineer II
329,Office Assistant III
330,Staff Scientist
331,Associate Professor
332,Account Coordinator
333,Recruiting Manager
334,Technical Writer
335,Chemical Engineer
336,Clinical Specialist
337,Budget/Accounting Analyst I
338,VP Marketing
339,Director of Sales
340,Geological Engineer
341,Pharmacist
342,Account Representative I
343,Analyst Programmer
344,Physical Therapy Assistant
345,Help Desk Operator
346,Junior Executive
347,Product Engineer
348,Analog Circuit Design manager
349,Project Manager
350,Geological Engineer
351,Legal Assistant
352,Senior Cost Accountant
353,Mechanical Systems Engineer
354,Nurse Practicioner
355,Assistant Manager
356,Senior Financial Analyst
357,Accounting Assistant IV
358,Senior Developer
359,Environmental Tech
360,Human Resources Assistant II
361,Senior Financial Analyst
362,Research Nurse
363,Senior Sales Associate
364,Food Chemist
365,VP Product Management
366,Sales Associate
367,Civil Engineer
368,Junior Executive
369,Environmental Specialist
370,Senior Quality Engineer
371,Account Representative II
372,Payment Adjustment Coordinator
373,Data Coordinator
374,Information Systems Manager
375,General Manager
376,Actuary
377,Chemical Engineer
378,Biostatistician III
379,Food Chemist
380,Human Resources Assistant II
381,Quality Engineer
382,General Manager
383,Staff Accountant III
384,Mechanical Systems Engineer
385,Teacher
386,Quality Engineer
387,Systems Administrator IV
388,VP Quality Control
389,Automation Specialist IV
390,Structural Analysis Engineer
391,Safety Technician IV
392,Dental Hygienist
393,Administrative Assistant II
394,Financial Analyst
395,Web Developer III
396,Systems Administrator III
397,VP Marketing
398,Executive Secretary
399,Clinical Specialist
400,Accountant II
401,Quality Control Specialist
402,Human Resources Assistant IV
403,Assistant Manager
404,Geologist IV
405,Systems Administrator I
406,Help Desk Technician
407,Project Manager
408,Software Consultant
409,Developer IV
410,Health Coach I
411,Chemical Engineer
412,Compensation Analyst
413,Administrative Officer
414,Health Coach I
415,Dental Hygienist
416,Nuclear Power Engineer
417,Director of Sales
418,Registered Nurse
419,Cost Accountant
420,Professor
421,VP Product Management
422,Civil Engineer
423,Quality Engineer
424,Safety Technician I
425,Biostatistician I
426,Biostatistician II
427,Senior Editor
428,Financial Analyst
429,Graphic Designer
430,Registered Nurse
431,Marketing Assistant
432,Nurse Practicioner
433,Dental Hygienist
434,Tax Accountant
435,Geologist IV
436,Database Administrator IV
437,Health Coach III
438,Accounting Assistant III
439,Database Administrator III
440,Financial Analyst
441,Nurse Practicioner
442,Geological Engineer
443,Associate Professor
444,Graphic Designer
445,Chief Design Engineer
446,Desktop Support Technician
447,Associate Professor
448,Senior Quality Engineer
449,Tax Accountant
450,Paralegal
451,Associate Professor
452,Mechanical Systems Engineer
453,Media Manager I
454,Staff Scientist
455,Social Worker
456,Paralegal
457,Information Systems Manager
458,Tax Accountant
459,Director of Sales
460,Research Nurse
461,Analyst Programmer
462,Software Consultant
463,Tax Accountant
464,Technical Writer
465,Administrative Officer
466,Librarian
467,Librarian
468,Paralegal
469,Human Resources Assistant III
470,Research Assistant II
471,Analyst Programmer
472,Recruiting Manager
473,Graphic Designer
474,Legal Assistant
475,Chemical Engineer
476,Nuclear Power Engineer
477,Actuary
478,Project Manager
479,Help Desk Operator
480,Financial Advisor
481,Sales Associate
482,Analog Circuit Design manager
483,Product Engineer
484,Project Manager
485,Human Resources Manager
486,Analog Circuit Design manager
487,Paralegal
488,Budget/Accounting Analyst IV
489,Computer Systems Analyst I
490,Payment Adjustment Coordinator
491,Product Engineer
492,Software Test Engineer II
493,Web Developer IV
494,Data Coordinator
495,Executive Secretary
496,Senior Editor
497,Engineer I
498,Analyst Programmer
499,Programmer II
500,Health Coach II
501,Administrative Assistant II
502,Safety Technician II
503,Administrative Assistant I
504,Software Consultant
505,Budget/Accounting Analyst II
506,Analyst Programmer
507,Assistant Professor
508,Health Coach IV
509,Graphic Designer
510,Automation Specialist IV
511,Software Consultant
512,Paralegal
513,Assistant Media Planner
514,Senior Editor
515,Clinical Specialist
516,Pharmacist
517,Senior Cost Accountant
518,Computer Systems Analyst IV
519,Clinical Specialist
520,Safety Technician II
521,Research Associate
522,Financial Analyst
523,Librarian
524,Quality Engineer
525,Analyst Programmer
526,Clinical Specialist
527,Assistant Professor
528,Business Systems Development Analyst
529,Senior Sales Associate
530,Chemical Engineer
531,Database Administrator II
532,Senior Developer
533,Help Desk Operator
534,Associate Professor
535,Senior Cost Accountant
536,Systems Administrator III
537,Assistant Media Planner
538,Web Developer IV
539,Cost Accountant
540,VP Marketing
541,Administrative Assistant II
542,Clinical Specialist
543,Administrative Assistant II
544,Administrative Officer
545,Senior Editor
546,Statistician IV
547,Director of Sales
548,Software Engineer IV
549,Media Manager II
550,Research Associate
551,Quality Control Specialist
552,Programmer Analyst I
553,Budget/Accounting Analyst I
554,Senior Sales Associate
555,Engineer IV
556,Assistant Media Planner
557,Geologist II
558,Staff Accountant IV
559,Web Developer I
560,Associate Professor
561,Administrative Assistant IV
562,Clinical Specialist
563,Administrative Officer
564,Safety Technician I
565,Senior Cost Accountant
566,Associate Professor
567,Associate Professor
568,Software Engineer II
569,Nuclear Power Engineer
570,Mechanical Systems Engineer
571,Environmental Specialist
572,Internal Auditor
573,Design Engineer
574,Associate Professor
575,VP Marketing
576,Help Desk Technician
577,Programmer II
578,Senior Financial Analyst
579,Professor
580,Chemical Engineer
581,Administrative Officer
582,Health Coach IV
583,Help Desk Operator
584,Design Engineer
585,Help Desk Operator
586,Design Engineer
587,Staff Accountant II
588,Design Engineer
589,Systems Administrator IV
590,Tax Accountant
591,Tax Accountant
592,Safety Technician I
593,Web Designer II
594,Analyst Programmer
595,Assistant Professor
596,Systems Administrator II
597,Recruiter
598,Product Engineer
599,Civil Engineer
600,Software Engineer II
601,Clinical Specialist
602,Human Resources Manager
603,Analog Circuit Design manager
604,Assistant Manager
605,Editor
606,Marketing Assistant
607,Nurse
608,GIS Technical Architect
609,Senior Cost Accountant
610,Chemical Engineer
611,Quality Control Specialist
612,Desktop Support Technician
613,Recruiter
614,Software Test Engineer I
615,Cost Accountant
616,Engineer II
617,Human Resources Assistant IV
618,Human Resources Manager
619,Teacher
620,Actuary
621,VP Quality Control
622,Nurse
623,Business Systems Development Analyst
624,Engineer I
625,Analyst Programmer
626,Food Chemist
627,VP Sales
628,Nuclear Power Engineer
629,VP Accounting
630,Office Assistant I
631,Business Systems Development Analyst
632,Senior Quality Engineer
633,Executive Secretary
634,Director of Sales
635,Automation Specialist I
636,Electrical Engineer
637,Developer II
638,Automation Specialist III
639,Senior Editor
640,Director of Sales
641,Computer Systems Analyst IV
642,Software Consultant
643,Nuclear Power Engineer
644,Biostatistician II
645,Clinical Specialist
646,Developer III
647,Chemical Engineer
648,Research Associate
649,Payment Adjustment Coordinator
650,Operator
651,Human Resources Manager
652,Financial Advisor
653,Compensation Analyst
654,Marketing Manager
655,Marketing Assistant
656,Design Engineer
657,Chief Design Engineer
658,Technical Writer
659,Assistant Professor
660,Staff Scientist
661,Food Chemist
662,Account Representative II
663,Account Executive
664,Physical Therapy Assistant
665,Recruiting Manager
666,Database Administrator III
667,Legal Assistant
668,Budget/Accounting Analyst I
669,Compensation Analyst
670,Health Coach II
671,Software Test Engineer IV
672,Help Desk Operator
673,VP Marketing
674,Desktop Support Technician
675,Financial Analyst
676,Account Representative III
677,Junior Executive
678,Administrative Assistant II
679,Electrical Engineer
680,Engineer III
681,Desktop Support Technician
682,Business Systems Development Analyst
683,Graphic Designer
684,VP Accounting
685,Dental Hygienist
686,Analyst Programmer
687,Assistant Manager
688,Clinical Specialist
689,Web Designer I
690,Operator
691,Engineer III
692,Research Associate
693,Geological Engineer
694,Environmental Specialist
695,Financial Advisor
696,Staff Accountant II
697,Systems Administrator II
698,Junior Executive
699,Internal Auditor
700,Accounting Assistant II
701,VP Product Management
702,Developer III
703,Project Manager
704,Account Representative IV
705,Software Consultant
706,Product Engineer
707,Senior Developer
708,Account Coordinator
709,Research Nurse
710,Senior Editor
711,Environmental Tech
712,Recruiting Manager
713,Director of Sales
714,Design Engineer
715,Clinical Specialist
716,Assistant Media Planner
717,Programmer III
718,Technical Writer
719,Geological Engineer
720,Research Assistant I
721,VP Sales
722,Design Engineer
723,Software Consultant
724,Legal Assistant
725,Tax Accountant
726,Help Desk Operator
727,Payment Adjustment Coordinator
728,Engineer IV
729,Legal Assistant
730,Legal Assistant
731,Dental Hygienist
732,Analog Circuit Design manager
733,Technical Writer
734,VP Accounting
735,Associate Professor
736,Design Engineer
737,Sales Representative
738,General Manager
739,Health Coach I
740,VP Quality Control
741,Developer II
742,Research Associate
743,Research Assistant III
744,Help Desk Technician
745,Senior Editor
746,Legal Assistant
747,Account Coordinator
748,Pharmacist
749,Data Coordinator
750,Administrative Assistant II
751,Programmer III
752,Civil Engineer
753,Director of Sales
754,Assistant Professor
755,Chief Design Engineer
756,Marketing Assistant
757,Quality Engineer
758,Junior Executive
759,Staff Scientist
760,Design Engineer
761,Media Manager III
762,Analog Circuit Design manager
763,Software Engineer II
764,Human Resources Assistant II
765,Systems Administrator I
766,Database Administrator II
767,Web Designer II
768,Assistant Media Planner
769,Nurse Practicioner
770,Operator
771,Research Assistant I
772,Human Resources Manager
773,Accountant III
774,Assistant Manager
775,Paralegal
776,Associate Professor
777,Database Administrator III
778,Social Worker
779,Mechanical Systems Engineer
780,Marketing Manager
781,Assistant Professor
782,Media Manager I
783,Pharmacist
784,Account Executive
785,Clinical Specialist
786,Professor
787,Nurse
788,Tax Accountant
789,Quality Control Specialist
790,Recruiting Manager
791,Software Test Engineer I
792,Professor
793,Registered Nurse
794,Computer Systems Analyst III
795,Sales Representative
796,Executive Secretary
797,Junior Executive
798,Research Associate
799,Automation Specialist III
800,Statistician II
801,Sales Representative
802,Web Developer IV
803,Account Coordinator
804,Senior Editor
805,Account Executive
806,GIS Technical Architect
807,General Manager
808,Marketing Assistant
809,Human Resources Manager
810,Teacher
811,Chief Design Engineer
812,Speech Pathologist
813,Programmer III
814,Electrical Engineer
815,Junior Executive
816,Nurse Practicioner
817,Nurse Practicioner
818,Analyst Programmer
819,Business Systems Development Analyst
820,Assistant Media Planner
821,Paralegal
822,Marketing Manager
823,Assistant Media Planner
824,Statistician II
825,Environmental Specialist
826,Senior Editor
827,Business Systems Development Analyst
828,Senior Sales Associate
829,Account Coordinator
830,Research Nurse
831,Legal Assistant
832,Quality Engineer
833,Senior Quality Engineer
834,Civil Engineer
835,Senior Quality Engineer
836,Nurse Practicioner
837,Director of Sales
838,Media Manager II
839,Database Administrator I
840,Budget/Accounting Analyst IV
841,Desktop Support Technician
842,Automation Specialist II
843,Data Coordinator
844,Statistician III
845,VP Product Management
846,Assistant Manager
847,Quality Engineer
848,Staff Accountant II
849,Safety Technician II
850,Software Test Engineer IV
851,Tax Accountant
852,Nurse Practicioner
853,Business Systems Development Analyst
854,Structural Analysis Engineer
855,Librarian
856,Senior Developer
857,Business Systems Development Analyst
858,Office Assistant I
859,Clinical Specialist
860,Senior Quality Engineer
861,Payment Adjustment Coordinator
862,Accountant III
863,Biostatistician IV
864,Cost Accountant
865,Nurse
866,Executive Secretary
867,Environmental Tech
868,Account Executive
869,Nurse
870,VP Sales
871,Operator
872,Product Engineer
873,Budget/Accounting Analyst IV
874,Professor
875,Geological Engineer
876,Software Consultant
877,Administrative Assistant II
878,Physical Therapy Assistant
879,Human Resources Manager
880,Analyst Programmer
881,Internal Auditor
882,Safety Technician III
883,Account Coordinator
884,Recruiter
885,Help Desk Operator
886,Desktop Support Technician
887,Junior Executive
888,Statistician II
889,Librarian
890,Pharmacist
891,VP Quality Control
892,Senior Cost Accountant
893,Product Engineer
894,Community Outreach Specialist
895,Mechanical Systems Engineer
896,Programmer Analyst III
897,Programmer I
898,Junior Executive
899,Operator
900,Assistant Manager
901,Clinical Specialist
902,Human Resources Manager
903,Research Associate
904,Community Outreach Specialist
905,Web Designer II
906,Staff Accountant I
907,Teacher
908,Research Assistant IV
909,Paralegal
910,Actuary
911,Business Systems Development Analyst
912,VP Sales
913,Senior Quality Engineer
914,Software Test Engineer II
915,Software Test Engineer IV
916,Software Test Engineer III
917,Account Representative III
918,Account Executive
919,Physical Therapy Assistant
920,VP Quality Control
921,Product Engineer
922,Tax Accountant
923,Account Representative IV
924,Nurse Practicioner
925,Graphic Designer
926,Systems Administrator IV
927,Occupational Therapist
928,Nurse Practicioner
929,Structural Engineer
930,Sales Representative
931,Nurse
932,Civil Engineer
933,Automation Specialist I
934,Quality Engineer
935,Systems Administrator IV
936,Paralegal
937,Compensation Analyst
938,Web Designer I
939,VP Accounting
940,Speech Pathologist
941,Sales Associate
942,Physical Therapy Assistant
943,Research Associate
944,Information Systems Manager
945,Help Desk Technician
946,Developer III
947,Structural Analysis Engineer
948,Software Test Engineer II
949,Executive Secretary
950,Mechanical Systems Engineer
951,Quality Control Specialist
952,Help Desk Operator
953,Staff Accountant III
954,Structural Engineer
955,Environmental Tech
956,Food Chemist
957,Design Engineer
958,Engineer II
959,VP Accounting
960,Compensation Analyst
961,Administrative Officer
962,Professor
963,Paralegal
964,Financial Analyst
965,Help Desk Operator
966,Account Representative I
967,Associate Professor
968,VP Marketing
969,Nurse Practicioner
970,Technical Writer
971,Business Systems Development Analyst
972,Media Manager IV
973,Actuary
974,Biostatistician IV
975,Information Systems Manager
976,Systems Administrator III
977,VP Quality Control
978,Human Resources Manager
979,Help Desk Operator
980,Recruiting Manager
981,Statistician IV
982,Technical Writer
983,Physical Therapy Assistant
984,Human Resources Assistant II
985,Business Systems Development Analyst
986,Teacher
987,Health Coach II
988,Nuclear Power Engineer
989,Nuclear Power Engineer
990,Actuary
991,GIS Technical Architect
992,Social Worker
993,Graphic Designer
994,Senior Financial Analyst
995,Chemical Engineer
996,Technical Writer
997,Senior Sales Associate
998,Assistant Media Planner
999,Analyst Programmer
1000,Analyst Programmer
