id,firstName,lastName,username,password,isActive
1,Hillary,Burcher,hillary.burcher,vdymxmecti,TRUE
2,Martie,Van Oort,martie.van oort,vsejlvdhnc,FALSE
3,Simone,Firby,simone.firby,mejgyxfttr,TRUE
4,Lily,Brabyn,lily.brabyn,nlmjrilczc,TRUE
5,Erin,Tofts,erin.tofts,olqsfyafbc,TRUE
6,Loren,Milsom,loren.milsom,ctachfadxa,FALSE
7,Ardisj,Ganley,ardisj.ganley,bsytectgpt,TRUE
8,Abram,Downgate,abram.downgate,oztihxpqbu,FALSE
9,Dulce,Hobell,dulce.hobell,pzagytwdhg,TRUE
10,Goldy,Bebbington,goldy.bebbington,gbiqjnrubh,FALSE
11,Timmy,Johnson,timmy.johnson,veiqgeapvs,TRUE
12,Davida,Pudden,davida.pudden,cuvcuqwmoc,TRUE
13,Forbes,Bearn,forbes.bearn,jrvkmhddyq,TRUE
14,Jeromy,Aikett,jeromy.aikett,giecsvmdzu,FALSE
15,Corabel,O'Lahy,corabel.o'lahy,xyljgeothq,TRUE
16,Mignon,Drewett,mignon.drewett,jjurjxkfqg,TRUE
17,Darill,Raynes,darill.raynes,wuxwsnuzxd,TRUE
18,Miltie,Ashforth,miltie.ashforth,bdzgohiqik,FALSE
19,Perren,Paik,perren.paik,wilklvvuab,FALSE
20,Claudine,Cristobal,claudine.cristobal,plvbolxhny,FALSE
21,Chauncey,Clowney,chauncey.clowney,reybfpjmgr,FALSE
22,Pru,Issatt,pru.issatt,httmpxjzpt,FALSE
23,Mose,Ubanks,mose.ubanks,lgagsqzgfz,TRUE
24,Randa,Grason,randa.grason,vykkpvdqgx,FALSE
25,Johnathan,Buttfield,johnathan.buttfield,rycbafxitb,FALSE
26,Alecia,Bristo,alecia.bristo,kcfkrtalpf,FALSE
27,Erhart,Thurlbeck,erhart.thurlbeck,dusolzukid,FALSE
28,Carie,Gwyer,carie.gwyer,gydrlsnqab,TRUE
29,Delmor,McCreagh,delmor.mccreagh,awghgdmmlv,TRUE
30,Cherida,Brydson,cherida.brydson,nhpkgxzrwj,FALSE
31,Lisette,Brambley,lisette.brambley,cdqirjkrus,FALSE
32,Bernadene,Tomczynski,bernadene.tomczynski,axblpvplyi,FALSE
33,Pammi,Suatt,pammi.suatt,tutciwjbli,TRUE
34,Brittne,Muslim,brittne.muslim,vpmhopmwtr,FALSE
35,Sayer,Karim,sayer.karim,ymirblwesr,FALSE
36,Yuma,Oxtarby,yuma.oxtarby,jqyhzynwjt,TRUE
37,Rudie,Kivlehan,rudie.kivlehan,kvvgipfjqk,TRUE
38,Alisha,Coton,alisha.coton,ucygemnzdg,TRUE
39,Joannes,Jeandon,joannes.jeandon,jjpbugmdbx,TRUE
40,Jud,Pawle,jud.pawle,pynhsqmmgl,TRUE
41,Shena,Ridgeway,shena.ridgeway,rkibcogkqf,FALSE
42,Blakeley,Mc Corley,blakeley.mc corley,rffdltyspb,FALSE
43,Madelin,Mougenel,madelin.mougenel,tahvbwtecr,FALSE
44,Nessa,Kupker,nessa.kupker,cludjzbnvu,TRUE
45,Gunar,Gerrets,gunar.gerrets,mncrdtgugd,FALSE
46,Neron,Hynson,neron.hynson,ksfnzlejba,TRUE
47,Cleve,Deetch,cleve.deetch,rjuhimkseh,FALSE
48,Alexandr,Brinicombe,alexandr.brinicombe,vhypowzobg,FALSE
49,Cletis,Thomsson,cletis.thomsson,yjnisopteg,FALSE
50,Gilligan,Reeder,gilligan.reeder,ghgimxduiu,TRUE
51,Susi,Harborow,susi.harborow,fptyymtxah,FALSE
52,Eleonore,Tobias,eleonore.tobias,szbbmdyjbv,FALSE
53,Delila,Castagneto,delila.castagneto,zeuxmpikit,TRUE
54,Marius,Gaenor,marius.gaenor,txnxijnpkf,TRUE
55,Bernita,Cudby,bernita.cudby,nlfbxoybfg,TRUE
56,Bertie,Creech,bertie.creech,wpaqheoyva,TRUE
57,Krispin,Gabey,krispin.gabey,bxkofryjge,FALSE
58,Massimiliano,Ather,massimiliano.ather,mxmrunrlfh,TRUE
59,Nevile,Gildersleeve,nevile.gildersleeve,ldfqchmjzi,FALSE
60,Ardelis,Adicot,ardelis.adicot,wdfwbxjmjt,TRUE
61,Con,Louca,con.louca,lafinsmsbk,TRUE
62,Randy,Largan,randy.largan,wwszwzyjdt,FALSE
63,Robinetta,Lambertz,robinetta.lambertz,xfualijuzo,TRUE
64,Clarette,Chsteney,clarette.chsteney,kjxqhxiody,TRUE
65,Justina,Talby,justina.talby,zrxiwynwsw,FALSE
66,Ethel,Fearnall,ethel.fearnall,ltrmylsdya,TRUE
67,Pen,Hawthorn,pen.hawthorn,umryxocoky,FALSE
68,Bobine,Cawley,bobine.cawley,ahjujlstqp,FALSE
69,Boyd,Andriulis,boyd.andriulis,qrkmwcsgkb,FALSE
70,Chere,Shelf,chere.shelf,ljlbfvfbql,FALSE
71,Terry,Waple,terry.waple,gpubjnhfzt,FALSE
72,Renee,Aishford,renee.aishford,pwrbopfzsq,FALSE
73,Krystle,Cavan,krystle.cavan,pwrmzgbjcb,TRUE
74,Deeann,Grieveson,deeann.grieveson,qmcmxiofkz,FALSE
75,Eleen,Bromet,eleen.bromet,fbfahfdljw,FALSE
76,Cammy,Seyler,cammy.seyler,vwgtaaxant,TRUE
77,Vladamir,Merryman,vladamir.merryman,pjaalhjcdu,TRUE
78,Karlotta,Ceschini,karlotta.ceschini,dnmrfonefc,TRUE
79,Brade,Wass,brade.wass,fituzhjpek,TRUE
80,Creighton,Fernihough,creighton.fernihough,wqberhsqac,FALSE
81,Ad,Wipfler,ad.wipfler,zqvptxszjp,TRUE
82,Carolyn,Signori,carolyn.signori,dgqqvfwndw,TRUE
83,Alexa,Bosward,alexa.bosward,eqckejhzot,FALSE
84,Orelie,Hrinchenko,orelie.hrinchenko,zhnajbcokc,TRUE
85,Jude,Garmey,jude.garmey,ikllddjycw,FALSE
86,Marnie,Ladell,marnie.ladell,staluvgktl,TRUE
87,Minnaminnie,Konzelmann,minnaminnie.konzelmann,qvitzocdad,TRUE
88,Bernelle,Skarin,bernelle.skarin,ttobhjdhwu,TRUE
89,Matthaeus,Rutley,matthaeus.rutley,oefybjhrjk,FALSE
90,Maynard,Schimmang,maynard.schimmang,hzbaesaacc,FALSE
91,Miran,Blaszczyk,miran.blaszczyk,bavbzqblve,FALSE
92,Alidia,Hancox,alidia.hancox,nyetoiecrn,TRUE
93,Raimundo,Gonnelly,raimundo.gonnelly,aygxnpcogb,TRUE
94,Willette,Matityahu,willette.matityahu,arqyhbjpxp,FALSE
95,Monte,Havick,monte.havick,ncaypzzmys,FALSE
96,Hilary,Gremain,hilary.gremain,utedvgaqzo,FALSE
97,Benjamin,Camacke,benjamin.camacke,jxenclswdl,FALSE
98,Emmalynne,Wyldes,emmalynne.wyldes,qhhsiapbqh,TRUE
99,Clea,Daffey,clea.daffey,hynvkjckhn,FALSE
100,Saundra,Danelutti,saundra.danelutti,ibpydbsgjk,TRUE
101,Jobye,O' Neligan,jobye.o' neligan,itmbmpkygc,FALSE
102,Kristo,Trosdall,kristo.trosdall,wmorfdbcog,FALSE
103,Gabby,Wathey,gabby.wathey,vwwlhtizet,TRUE
104,Tom,Ellif,tom.ellif,danrusgatt,FALSE
105,Sonny,Haughan,sonny.haughan,dbxfnqwkks,TRUE
106,Sabina,Getsham,sabina.getsham,btriualqcn,FALSE
107,Kalle,Colloff,kalle.colloff,grkhffvzrz,FALSE
108,Case,Tewkesbury,case.tewkesbury,fkkgbxsfaa,TRUE
109,Alejandrina,Ferrer,alejandrina.ferrer,xfnjkgeswd,FALSE
110,Susie,Jedrzejewsky,susie.jedrzejewsky,npvlrauthi,FALSE
111,Mavra,Hurcombe,mavra.hurcombe,cggvmzrtau,FALSE
112,Danyelle,Riceards,danyelle.riceards,dvhrbgxisk,TRUE
113,Hieronymus,Folbig,hieronymus.folbig,tqvdvspxgz,TRUE
114,Olav,Hendrik,olav.hendrik,azffcepnfu,TRUE
115,Cari,Mercey,cari.mercey,myuzpihjsi,FALSE
116,Eolande,Drewson,eolande.drewson,ofglppbjjw,FALSE
117,Neal,Haggerstone,neal.haggerstone,yqckzvbdxf,TRUE
118,Leonid,Lazare,leonid.lazare,gxakgzipjx,TRUE
119,Kahaleel,McCarty,kahaleel.mccarty,ysfcdscdao,TRUE
120,Shandy,Papaminas,shandy.papaminas,mzoiexiorl,FALSE
121,Serene,Oxton,serene.oxton,ghdxeoyfrj,FALSE
122,Emmalyn,Buckwell,emmalyn.buckwell,toojrnlikt,TRUE
123,Ray,McDonagh,ray.mcdonagh,qruwbiniep,TRUE
124,Antonietta,Stead,antonietta.stead,aaylyhcyia,TRUE
125,Beniamino,Courson,beniamino.courson,gmsvbjrwqy,FALSE
126,Teresa,Stanaway,teresa.stanaway,ewbfgaptbq,TRUE
127,Angel,McKinn,angel.mckinn,ixefabfyiq,TRUE
128,Kilian,Winn,kilian.winn,rtnaiapiae,TRUE
129,Averell,Stansell,averell.stansell,zrslqpfjtu,FALSE
130,Aaron,Woodward,aaron.woodward,gtwcwsmkst,TRUE
131,Tammy,Pennycock,tammy.pennycock,xlaniixkeh,FALSE
132,Tatiania,Dillway,tatiania.dillway,zntbrqbuts,TRUE
133,Helge,Bill,helge.bill,nigofjalox,TRUE
134,Noni,Dmisek,noni.dmisek,npfuuowhsu,TRUE
135,Tamarra,Zollner,tamarra.zollner,ajvtldspir,TRUE
136,Danya,Athey,danya.athey,ewpskqrzff,TRUE
137,Alberto,Fallawe,alberto.fallawe,xiytbdulsx,TRUE
138,Janeva,Bye,janeva.bye,xqejcimggi,FALSE
139,Silvana,Huggons,silvana.huggons,vglyhqzfob,FALSE
140,Patience,Batrick,patience.batrick,lyyambfnzy,FALSE
141,Silvan,McCreery,silvan.mccreery,gddhnsymve,TRUE
142,Mayer,Voisey,mayer.voisey,kbpzpaqpgg,FALSE
143,Ber,Crumpton,ber.crumpton,ntdpgfrcqf,TRUE
144,Grethel,Dabes,grethel.dabes,tnnldkmjhe,FALSE
145,Shoshana,Godthaab,shoshana.godthaab,jxengdgdmv,TRUE
146,Temple,Reynoollds,temple.reynoollds,apicdadojn,FALSE
147,Holli,Sapp,holli.sapp,ponasaudsc,TRUE
148,Sara,Lalor,sara.lalor,ionddewaon,TRUE
149,Parker,Charrette,parker.charrette,jwdzhvldxk,FALSE
150,Ashlie,MacAindreis,ashlie.macaindreis,zbcnqlvamu,FALSE
151,Vivie,Fishburn,vivie.fishburn,ddrcoxqqnl,FALSE
152,Chen,Matterson,chen.matterson,hsifsxjtqq,TRUE
153,Bessy,Lantaff,bessy.lantaff,wuthxienpk,FALSE
154,Rowland,McGooch,rowland.mcgooch,fhvhhwsiip,FALSE
155,Leora,Chapman,leora.chapman,vqlpkhtuab,TRUE
156,Omero,Marjoribanks,omero.marjoribanks,nvrypwrcgg,FALSE
157,Reinwald,Jacombs,reinwald.jacombs,nreivdfjsk,TRUE
158,Madella,Sinkin,madella.sinkin,ednncqsabl,TRUE
159,Latia,Victoria,latia.victoria,qmesbbjoux,TRUE
160,Davina,Jupp,davina.jupp,ycexwhzjtv,FALSE
161,Derby,O'Roan,derby.o'roan,sswhwxvpyn,FALSE
162,Eldin,Petrowsky,eldin.petrowsky,isintgcicj,FALSE
163,Cristionna,Shelliday,cristionna.shelliday,ydqrhzhptf,TRUE
164,Temple,Fratczak,temple.fratczak,fyhxgllwia,TRUE
165,Gennie,Berceros,gennie.berceros,aerqzqflsu,TRUE
166,Saunders,Oakeby,saunders.oakeby,ueptvysgst,TRUE
167,Adelind,Turri,adelind.turri,dacjgzxdhg,TRUE
168,Rhonda,McCrann,rhonda.mccrann,zimndunhka,TRUE
169,Willy,Litherland,willy.litherland,jszljzisyl,TRUE
170,Nevile,Rowbury,nevile.rowbury,cknwwupiyw,TRUE
171,Griffy,Benit,griffy.benit,kwqepztmij,TRUE
172,Tobit,Pinder,tobit.pinder,prvbkfjfqo,FALSE
173,Gasparo,Keoghane,gasparo.keoghane,aulhmahgtd,FALSE
174,Roxie,Thripp,roxie.thripp,zrwifdyepv,TRUE
175,Christina,Blose,christina.blose,irzulfmdzf,FALSE
176,Noel,Ovitz,noel.ovitz,jnuxxlqtwj,FALSE
177,Lanie,Statefield,lanie.statefield,kusnjglskj,FALSE
178,Gwenora,Attac,gwenora.attac,jntpejsccr,TRUE
179,Chrisse,Ainge,chrisse.ainge,hbfucqtwlj,FALSE
180,Jedd,Flintoff,jedd.flintoff,nhdetqbyxw,FALSE
181,Saree,Janisson,saree.janisson,nkylqduzcf,TRUE
182,Winny,Canton,winny.canton,qyhwfjkcnk,FALSE
183,Minda,Stockell,minda.stockell,ywokqjjumc,FALSE
184,Paton,Lautie,paton.lautie,bemixnaejw,TRUE
185,Clement,Gogerty,clement.gogerty,phjyuadeum,FALSE
186,Herc,Rigardeau,herc.rigardeau,kalrmuplse,TRUE
187,Clair,Chesshyre,clair.chesshyre,qyykkflwje,TRUE
188,Konrad,Rilston,konrad.rilston,ezmohohmgp,TRUE
189,Carver,holmes,carver.holmes,akbkayfubl,FALSE
190,Leonore,McAuslan,leonore.mcauslan,nbbmutitca,FALSE
191,Obed,Tunnoch,obed.tunnoch,ynnasytiro,TRUE
192,Ramsay,Pirouet,ramsay.pirouet,velelehrby,TRUE
193,Erv,Haughian,erv.haughian,nhqkuicgaf,TRUE
194,Jackson,Bartley,jackson.bartley,jndfyqdwix,TRUE
195,Bonny,Witling,bonny.witling,qltiwggybd,TRUE
196,Diahann,Surtees,diahann.surtees,hszxapovdz,TRUE
197,Hyman,Simenet,hyman.simenet,dbtnfssilo,TRUE
198,Warde,Gyrgorwicx,warde.gyrgorwicx,iovghgjbfd,TRUE
199,Addie,Hammerson,addie.hammerson,brecwzoxjw,TRUE
200,Leo,Worge,leo.worge,vlioqjlcfi,TRUE
201,Violetta,Cornish,violetta.cornish,eubbfwcbyv,TRUE
202,Harwell,Vasyutochkin,harwell.vasyutochkin,rlrxhjqvru,TRUE
203,Melvin,Patmore,melvin.patmore,vwypfukbna,TRUE
204,Jessalyn,Dray,jessalyn.dray,ifroehmmvp,TRUE
205,Warde,Faunch,warde.faunch,xssbaptqry,TRUE
206,Dari,Blakeway,dari.blakeway,gwocoyxocp,TRUE
207,Gabrila,Jennrich,gabrila.jennrich,qdukpbswnf,TRUE
208,Flemming,Thominga,flemming.thominga,absitfwsay,TRUE
209,Rozanna,Arent,rozanna.arent,ojunovuacq,TRUE
210,Rustie,O'Kennedy,rustie.o'kennedy,hcmtjstnzp,TRUE
211,Deni,Tuckwood,deni.tuckwood,ozrlxhttlg,TRUE
212,Elsy,Halloway,elsy.halloway,merxhocpnp,TRUE
213,Lucinda,Gullifant,lucinda.gullifant,felclnihsj,TRUE
214,Peggi,Swale,peggi.swale,zbxunzptmr,FALSE
215,Bethanne,Bruun,bethanne.bruun,yzvpusrgns,TRUE
216,Mathian,Marchelli,mathian.marchelli,enaxezwifk,FALSE
217,Thalia,Edgeley,thalia.edgeley,vklkpyaysf,TRUE
218,Vicki,Paradyce,vicki.paradyce,zylwilycop,FALSE
219,Florinda,Thrustle,florinda.thrustle,zeefvnajvl,TRUE
220,Stan,Lewer,stan.lewer,qchckgrgeh,FALSE
221,Jarret,De Marchi,jarret.de marchi,kbnvvonoua,TRUE
222,Madeline,Linbohm,madeline.linbohm,sfhkqbtiti,FALSE
223,Kayle,Enos,kayle.enos,usruqgbucn,TRUE
224,Rollo,Kristoffersson,rollo.kristoffersson,bvvkbiqzbs,TRUE
225,Dori,Carhart,dori.carhart,nxqsnspaiq,FALSE
226,Clint,Preene,clint.preene,nqnnhxqtnb,FALSE
227,Cordie,D'Onise,cordie.d'onise,syaboherhe,FALSE
228,Nikki,Puzey,nikki.puzey,clbvnpxuty,FALSE
229,Freddy,Sloy,freddy.sloy,vtlhidydxb,FALSE
230,Annamarie,Shower,annamarie.shower,krqeoobazv,FALSE
231,Ettore,Goburn,ettore.goburn,vsmuuvrjeh,TRUE
232,Maurice,Vipan,maurice.vipan,mumhavifza,FALSE
233,Carin,Puckrin,carin.puckrin,yyvqmhywox,FALSE
234,Yul,Couche,yul.couche,bzkefeazeb,TRUE
235,Elsinore,Tizard,elsinore.tizard,leoooobiik,FALSE
236,Alexia,Chastenet,alexia.chastenet,hsjlbyhjtl,FALSE
237,Saul,Kiera,saul.kiera,xmussjqvxw,TRUE
238,Alisa,Giocannoni,alisa.giocannoni,ovjztpmexn,TRUE
239,Gilburt,O'Deoran,gilburt.o'deoran,jtfvetfhfv,FALSE
240,Ryon,Callaway,ryon.callaway,zygzhddgjx,TRUE
241,Nelly,Duns,nelly.duns,evtvnetxto,TRUE
242,Hurley,Glozman,hurley.glozman,nxnhhuljte,FALSE
243,Abba,Roskeilly,abba.roskeilly,tuxjmjajwr,TRUE
244,Feodora,Oldman,feodora.oldman,gnmrrziiwd,FALSE
245,Christel,Medcalfe,christel.medcalfe,iqgzyfddnk,FALSE
246,Jessie,Brotherhood,jessie.brotherhood,bvfyebgohz,FALSE
247,Christy,Cleyne,christy.cleyne,vxjriaifjn,TRUE
248,Minerva,MacEllen,minerva.macellen,ekwwbifxil,FALSE
249,Juliana,Chancellor,juliana.chancellor,vzwhpzpdvv,TRUE
250,Sibylla,Syddie,sibylla.syddie,qltgkisqic,FALSE
251,Doy,Ivory,doy.ivory,njiqxyhmtb,TRUE
252,Silvana,Goning,silvana.goning,jeilhajlfy,TRUE
253,Lettie,Sommerly,lettie.sommerly,buwciwkqnq,FALSE
254,Birgit,Lindeman,birgit.lindeman,tndpnclqbz,TRUE
255,Donica,Tamburi,donica.tamburi,zjkbdrpqdd,FALSE
256,Garrett,Mulderrig,garrett.mulderrig,bvzekedgqg,TRUE
257,Agna,Ryott,agna.ryott,uiglizdpjb,TRUE
258,Margo,Macro,margo.macro,qzasasrlbl,TRUE
259,Marianne,Stratton,marianne.stratton,umlgcnmqgh,TRUE
260,Rhonda,Dungey,rhonda.dungey,uuayjqddex,TRUE
261,Micheal,Lorraine,micheal.lorraine,zeebiynpey,TRUE
262,Yulma,Gornal,yulma.gornal,otabmqjami,FALSE
263,Tommie,Chirm,tommie.chirm,jshmdnpfzt,TRUE
264,Gianina,Aimable,gianina.aimable,sfgqjnrolo,FALSE
265,Marie-jeanne,Braunton,marie-jeanne.braunton,hhescxnnff,TRUE
266,Judy,Dooler,judy.dooler,wmgehbnxdz,FALSE
267,Timothy,Flather,timothy.flather,fnyorevrby,TRUE
268,Pris,Pattullo,pris.pattullo,dvadsxzaja,TRUE
269,Roselia,Riseborough,roselia.riseborough,unjgumdsbt,TRUE
270,Nels,Bradie,nels.bradie,fupajqzxmn,FALSE
271,Corabelle,Capineer,corabelle.capineer,isgfmbjntc,TRUE
272,Jarvis,Beedie,jarvis.beedie,pbcpozdueq,TRUE
273,Ilse,Augar,ilse.augar,vxxquarniu,FALSE
274,Sallyann,Heselwood,sallyann.heselwood,nxdptwwiuc,FALSE
275,Melody,Brecher,melody.brecher,uoebmdbrxm,TRUE
276,Bernadina,Peggram,bernadina.peggram,kvadyrdwqe,TRUE
277,Dilly,Artois,dilly.artois,ngnjjwqgnn,TRUE
278,Rutter,Chatters,rutter.chatters,otbpvrpcyt,FALSE
279,Christina,MacAnulty,christina.macanulty,mnrbgbnyhp,FALSE
280,Erin,Emery,erin.emery,vgvnbwozxs,FALSE
281,Jenifer,Erskine,jenifer.erskine,bwuelekury,TRUE
282,Kellsie,Jeannel,kellsie.jeannel,bncyvpjqso,TRUE
283,Eugenius,Stutter,eugenius.stutter,pqishgjcfc,FALSE
284,Camellia,Lafont,camellia.lafont,atejkqqxgm,FALSE
285,Rebe,Rozsa,rebe.rozsa,mbojewemmq,FALSE
286,Chlo,Duker,chlo.duker,mjmjzazghp,TRUE
287,Foss,Bird,foss.bird,qdmnitssmg,FALSE
288,Theresa,Minico,theresa.minico,hojkbpksnv,TRUE
289,Allegra,McTurlough,allegra.mcturlough,jexuancgxn,FALSE
290,Estell,Hawthorne,estell.hawthorne,dqzchjrvyn,TRUE
291,Andy,Moresby,andy.moresby,vnxyxprqhf,FALSE
292,Reta,Berrill,reta.berrill,sgobnvxztt,FALSE
293,Lonnie,Whitney,lonnie.whitney,dglnqqxvme,TRUE
294,Quincey,Kroin,quincey.kroin,bzowavqvst,FALSE
295,Lil,Payton,lil.payton,mqrzvlorjr,FALSE
296,Harli,Stockman,harli.stockman,mhjnpqyspr,TRUE
297,Avivah,Rawll,avivah.rawll,lvddaevtci,FALSE
298,Sarena,Johananov,sarena.johananov,dalduhohnm,FALSE
299,Cacilia,Ierland,cacilia.ierland,nqeykolclk,FALSE
300,Sadye,Caunter,sadye.caunter,obrsybqmyf,TRUE
301,Darleen,Zimmer,darleen.zimmer,grikskfmwz,TRUE
302,Seka,McCarty,seka.mccarty,ieiqqmlonf,TRUE
303,Sheila,Pizzey,sheila.pizzey,rzaimbbrgr,TRUE
304,Brandy,Murphey,brandy.murphey,dezcrhizat,TRUE
305,Valentijn,Benson,valentijn.benson,mpxgzqpegb,TRUE
306,Rowena,Rodell,rowena.rodell,mkuqncxlxq,FALSE
307,Joachim,Woodison,joachim.woodison,kdfdyweskf,FALSE
308,Jerrie,Hurche,jerrie.hurche,zxuvesfnwe,FALSE
309,Tabatha,Pregel,tabatha.pregel,vtgtrbncln,FALSE
310,Pauletta,Merrett,pauletta.merrett,lekggtjjcu,TRUE
311,Danella,Saull,danella.saull,fnfpxefkri,TRUE
312,Vikki,Oswal,vikki.oswal,ygyvdarbhu,TRUE
313,Opalina,Studholme,opalina.studholme,frzawxdpah,FALSE
314,Puff,Bobasch,puff.bobasch,fjgwugoxnw,TRUE
315,Georgie,Southgate,georgie.southgate,lohrsiwbov,FALSE
316,Dorene,Lipyeat,dorene.lipyeat,fldwfeuqle,TRUE
317,Cora,Andree,cora.andree,aeneepcuew,FALSE
318,Lawton,Dinsell,lawton.dinsell,rqubcifbtb,TRUE
319,Alverta,Antonomoli,alverta.antonomoli,nsbjdtgvbz,FALSE
320,Doll,Androli,doll.androli,lxubuktwdn,FALSE
321,Tomasine,Risbrough,tomasine.risbrough,fgeoybmlfp,TRUE
322,Bil,Hackett,bil.hackett,hfkjcnmvyh,FALSE
323,Bax,Grioli,bax.grioli,dsmloobkvn,FALSE
324,Ossie,Jobe,ossie.jobe,ezmhgdsgkj,TRUE
325,Quincey,Lackey,quincey.lackey,esdbjxawqa,FALSE
326,Caprice,Kagan,caprice.kagan,blahybjhfu,FALSE
327,Linnell,Drewery,linnell.drewery,aboigjahgb,TRUE
328,Frank,Minard,frank.minard,uirhrqogzy,TRUE
329,Lonnie,Slyme,lonnie.slyme,ezuvzqvvjs,TRUE
330,Mickey,Rosenkrantz,mickey.rosenkrantz,aaellhexbz,FALSE
331,Derward,Checo,derward.checo,xirifukkxt,TRUE
332,Bianca,Lawranson,bianca.lawranson,pxaqjqlcju,TRUE
333,Lavinie,Gellately,lavinie.gellately,ersmvvyhqp,FALSE
334,Dorian,Calderwood,dorian.calderwood,ojzyzhjhmo,TRUE
335,Demetre,Rakes,demetre.rakes,etwchkmles,FALSE
336,Ulrikaumeko,Beaty,ulrikaumeko.beaty,ohknakoozw,FALSE
337,Sharleen,Bartos,sharleen.bartos,zhnqkwspee,TRUE
338,Antin,Dominec,antin.dominec,korizulieq,FALSE
339,Cacilie,Knotton,cacilie.knotton,nwzsnkakav,FALSE
340,Michele,Rushbrook,michele.rushbrook,ubirsflrhg,FALSE
341,Alvina,Fane,alvina.fane,talemorecc,FALSE
342,Jessie,Antonazzi,jessie.antonazzi,ruqjymtelr,FALSE
343,Vale,Rudolph,vale.rudolph,zxpmqoaqkd,FALSE
344,Ardra,Tayspell,ardra.tayspell,kpmdqmgoxx,FALSE
345,Torrence,Radin,torrence.radin,dchkymlcfv,TRUE
346,Hector,Ohlsen,hector.ohlsen,ibjjcjqgip,TRUE
347,Devy,Bowmaker,devy.bowmaker,hgklukrboo,FALSE
348,Inna,McAsgill,inna.mcasgill,lloyimgwgy,TRUE
349,Ibbie,Kenningham,ibbie.kenningham,qkvwthsgiw,FALSE
350,Doreen,Bunney,doreen.bunney,ggbtmhjvif,FALSE
351,Spence,Mille,spence.mille,fzhwuejdom,FALSE
352,Candra,Bleything,candra.bleything,pxekrjqhts,FALSE
353,Sadella,Prichard,sadella.prichard,kydwfncuqa,TRUE
354,Daphne,Browse,daphne.browse,eeqwvwwrpy,TRUE
355,Morganica,Inglis,morganica.inglis,xwefypieez,FALSE
356,Ibrahim,Guillon,ibrahim.guillon,aktzsmwxbj,FALSE
357,Robin,Gookes,robin.gookes,luwnxgjiih,TRUE
358,Arlie,Kippax,arlie.kippax,oypimzwwzh,FALSE
359,Lenard,Loverock,lenard.loverock,envrgzozzf,TRUE
360,Tomkin,Pepler,tomkin.pepler,crtyizzsar,FALSE
361,Lucie,Shelbourne,lucie.shelbourne,xbeqzgwldb,TRUE
362,Oriana,Giovannetti,oriana.giovannetti,ugumiejhon,FALSE
363,Patsy,Maggi,patsy.maggi,mhnzakrghd,FALSE
364,Angeli,McBeth,angeli.mcbeth,edzwzejlta,TRUE
365,Costanza,O'Connor,costanza.o'connor,arvetkdpem,TRUE
366,Luise,Perot,luise.perot,uxqusngtqq,TRUE
367,Clementia,Golledge,clementia.golledge,csivecdusm,FALSE
368,Addison,Monks,addison.monks,xfzcbmrcij,FALSE
369,Garfield,Gent,garfield.gent,kafekdryqk,TRUE
370,Hanna,Hargey,hanna.hargey,krfuzubiie,TRUE
371,Avivah,Bromwich,avivah.bromwich,ecokraopnl,FALSE
372,Leila,Cockitt,leila.cockitt,tivpsqjeit,FALSE
373,Clem,Emburey,clem.emburey,ichkygcdiz,FALSE
374,Flory,Jardein,flory.jardein,dzlsbfdwbe,FALSE
375,Lockwood,Theyer,lockwood.theyer,zevjhpesym,TRUE
376,Leroy,Cay,leroy.cay,vbpckvyvhp,TRUE
377,Janeva,Elias,janeva.elias,vzklksqvky,TRUE
378,Neil,Mullany,neil.mullany,soanhdnntz,TRUE
379,Hephzibah,Kluger,hephzibah.kluger,nhnpemnvcs,TRUE
380,Ezekiel,Suthren,ezekiel.suthren,zjjwqwynwf,FALSE
381,Isabel,Hightown,isabel.hightown,kgaefzilpg,TRUE
382,Kathie,Latehouse,kathie.latehouse,gqftxdnrxe,TRUE
383,Bianka,Deeson,bianka.deeson,ygkyyrichk,FALSE
384,Dore,Farrear,dore.farrear,spxccsmjiw,TRUE
385,Mychal,Leggs,mychal.leggs,wfgabapldh,FALSE
386,Michelina,Orrick,michelina.orrick,epprmxuhfs,FALSE
387,Hendrick,Stadden,hendrick.stadden,dgyxsssuss,TRUE
388,Alie,Kenworthey,alie.kenworthey,napjhnldrx,TRUE
389,Edin,Spilsted,edin.spilsted,mulvycbrat,TRUE
390,Diahann,Jarrette,diahann.jarrette,nsjvtsmtcr,FALSE
391,Immanuel,Le Brom,immanuel.le brom,uqkghdzwmk,TRUE
392,Jesselyn,Trimnell,jesselyn.trimnell,iucatzxcoz,TRUE
393,Davine,McIlenna,davine.mcilenna,rcscvwagfd,FALSE
394,Goldy,Viney,goldy.viney,oevjqcldie,FALSE
395,Gerrie,Belch,gerrie.belch,wfemnadbfl,FALSE
396,Clifford,Hoyer,clifford.hoyer,nwtwjiqmxu,FALSE
397,Kass,Leak,kass.leak,zmximnfwii,TRUE
398,Lorianna,Hanshaw,lorianna.hanshaw,nhtxvpltmk,FALSE
399,Alison,Srawley,alison.srawley,jmitnlnxdg,TRUE
400,Lisetta,Pfaffe,lisetta.pfaffe,halqjbndlu,TRUE
401,Mortimer,Dilke,mortimer.dilke,ynskmrlqtx,TRUE
402,Claiborn,Mc Andrew,claiborn.mc andrew,fvsfyihpjv,TRUE
403,Jenni,Daingerfield,jenni.daingerfield,vmaofgvgkc,FALSE
404,Rhetta,Tregido,rhetta.tregido,lhcumpgroo,TRUE
405,Rozele,Grayshon,rozele.grayshon,uqgickmslc,TRUE
406,Dulcine,Stilgoe,dulcine.stilgoe,fjqvimnxvj,TRUE
407,Lavinie,Croan,lavinie.croan,mwafprxowk,TRUE
408,Burty,Trudgion,burty.trudgion,avuevwkhic,FALSE
409,Mahalia,Hefferan,mahalia.hefferan,ywdjixuywk,FALSE
410,Kaile,Fortey,kaile.fortey,inzvydqmhr,TRUE
411,Billie,Cheesworth,billie.cheesworth,hqlubxkbxz,TRUE
412,Anna-maria,MacDavitt,anna-maria.macdavitt,mrxtayhzod,FALSE
413,Dita,Mabbot,dita.mabbot,seidctlfsj,TRUE
414,Clarita,Baglow,clarita.baglow,qvshubgcie,FALSE
415,Madalena,Bretland,madalena.bretland,ntqfxzbjkv,TRUE
416,Sheffield,Pranger,sheffield.pranger,ybnysnnrfz,TRUE
417,Terri,Phaup,terri.phaup,owdldxejfx,FALSE
418,Derk,Strick,derk.strick,etjkemboaw,TRUE
419,Codi,Dunlap,codi.dunlap,nifixigsot,TRUE
420,Filia,Brunelli,filia.brunelli,gncjxoxefv,TRUE
421,Torey,Schiesterl,torey.schiesterl,wqwyffqghx,TRUE
422,Myca,Beeck,myca.beeck,ywfmewudix,TRUE
423,Elane,Moggan,elane.moggan,jqrwckewdy,TRUE
424,Conchita,Cowope,conchita.cowope,nefjgpftzk,TRUE
425,Nerita,Tutsell,nerita.tutsell,aqixyffsyk,TRUE
426,Myrtia,Biffen,myrtia.biffen,efolpszvpt,FALSE
427,Basia,Mulqueen,basia.mulqueen,huunmdsldu,FALSE
428,Ema,Delafoy,ema.delafoy,jltjomfrxg,FALSE
429,Una,McGrale,una.mcgrale,qynbutkywp,FALSE
430,Silvain,Core,silvain.core,sceptdhizs,FALSE
431,Elana,Mulvey,elana.mulvey,hxstohpfmt,FALSE
432,Lane,Bradbeer,lane.bradbeer,fcyjxnpyap,FALSE
433,Minnie,Gurr,minnie.gurr,nvuhzfsixl,TRUE
434,Beckie,Boggish,beckie.boggish,wianjzcxyd,TRUE
435,Alvera,Brownsworth,alvera.brownsworth,hovxxvpouq,FALSE
436,Jemima,Petrowsky,jemima.petrowsky,cbmbwshhdf,FALSE
437,Rebbecca,Maven,rebbecca.maven,ojcvkpznwq,FALSE
438,Borg,Leavesley,borg.leavesley,diegutyhhr,TRUE
439,Arney,Klimmek,arney.klimmek,vdxoosojvg,FALSE
440,Garrard,Maruska,garrard.maruska,yybrioiiiu,TRUE
441,Giorgia,Radwell,giorgia.radwell,iiakdcjhmu,FALSE
442,Marcos,Palfreman,marcos.palfreman,bahqfsecsp,TRUE
443,Annabal,MacAndrew,annabal.macandrew,xfuiwwaofo,FALSE
444,Hoebart,Zanelli,hoebart.zanelli,ialsgdttxz,FALSE
445,Terri-jo,Smallacombe,terri-jo.smallacombe,qmldvydquj,TRUE
446,Aksel,Orrah,aksel.orrah,awdzzihhaj,TRUE
447,Linell,Kernaghan,linell.kernaghan,atqtgzpsgk,TRUE
448,Miles,Fulop,miles.fulop,gmhywjqdoz,FALSE
449,Allx,Breckenridge,allx.breckenridge,mdfqwlunwt,FALSE
450,Bekki,Melchior,bekki.melchior,jyggrvtqps,TRUE
451,Jobie,Mutimer,jobie.mutimer,avieksqptw,TRUE
452,Elita,Beeckx,elita.beeckx,cxoglgpisl,FALSE
453,Ferris,Romero,ferris.romero,jsdhqhgxfo,FALSE
454,Midge,Pimblott,midge.pimblott,pkbcrypnwa,TRUE
455,Ivory,Beers,ivory.beers,hdphqwfpir,TRUE
456,Helen-elizabeth,Kern,helen-elizabeth.kern,zqfnkqryfm,TRUE
457,Quinton,D'eath,quinton.d'eath,nbvvfvihwm,TRUE
458,Phaidra,Sevin,phaidra.sevin,qgiawuqbjq,TRUE
459,Darryl,Phettis,darryl.phettis,qdrpgzqmdy,TRUE
460,Drona,Dove,drona.dove,acmbtqyzlb,TRUE
461,Kleon,O'Corhane,kleon.o'corhane,xgycumwowy,TRUE
462,Claudelle,Robroe,claudelle.robroe,hrbwucltiv,TRUE
463,Butch,Clegg,butch.clegg,knnickvxct,TRUE
464,Cly,Healey,cly.healey,jjfbpezqak,TRUE
465,Cort,Thelwll,cort.thelwll,tkqhgkksnk,FALSE
466,Blair,McTurlough,blair.mcturlough,qyyhhwiiab,TRUE
467,Rikki,Heeks,rikki.heeks,dcebiolnie,TRUE
468,Fitzgerald,Eskell,fitzgerald.eskell,efdswrfwva,FALSE
469,Rip,Delwater,rip.delwater,zoijqgujcu,FALSE
470,Cathy,Senecaut,cathy.senecaut,snjrqzlcym,FALSE
471,Sari,McNirlin,sari.mcnirlin,dwjqjnosjz,FALSE
472,Boigie,Prantl,boigie.prantl,nordpopxcb,FALSE
473,Linn,Evitt,linn.evitt,omtisnjfex,FALSE
474,Candide,Aveline,candide.aveline,oeypqzepry,FALSE
475,Valina,Whitwell,valina.whitwell,xloektnujj,FALSE
476,Jeth,Halls,jeth.halls,gwitexszox,TRUE
477,Chaddie,McRory,chaddie.mcrory,nvfbzmqrtx,FALSE
478,Amy,McLorinan,amy.mclorinan,pyqrrnsipr,FALSE
479,Genvieve,Gebby,genvieve.gebby,tpdxatjeuh,TRUE
480,Dianemarie,Hellyer,dianemarie.hellyer,cpguqebeen,TRUE
481,Jermaine,Twopenny,jermaine.twopenny,npiyhrbrdh,FALSE
482,Natasha,McGrotty,natasha.mcgrotty,sizemirjpn,FALSE
483,Christen,Wozencraft,christen.wozencraft,lhoucamhtb,TRUE
484,Rolando,Tewkesbury.,rolando.tewkesbury.,qthhircreu,FALSE
485,Remington,Alentyev,remington.alentyev,heoqkqzbjb,FALSE
486,Alex,John,alex.john,iowxtwuyex,TRUE
487,Queenie,Lindgren,queenie.lindgren,mjsaenkjfc,FALSE
488,Chery,Graith,chery.graith,iryaqgrpbo,TRUE
489,Lian,Karpenya,lian.karpenya,tijpluthhl,FALSE
490,Cobbie,Tweddle,cobbie.tweddle,ayhlurewgm,FALSE
491,Nicko,Tagg,nicko.tagg,epfonbjyop,TRUE
492,Leda,Baudacci,leda.baudacci,yhipvuotxw,TRUE
493,Shalna,Medcraft,shalna.medcraft,jwnvpnxcbb,FALSE
494,Judith,Whitehorn,judith.whitehorn,wsyzesoedb,FALSE
495,Merilee,Senior,merilee.senior,nifsbzqpdl,FALSE
496,Gill,Routley,gill.routley,zczutuowcl,FALSE
497,Hester,Ashwood,hester.ashwood,vdubyvhqjx,FALSE
498,Elora,Bytheway,elora.bytheway,illbedolyk,FALSE
499,Leigha,Malia,leigha.malia,jvqglkeefg,TRUE
500,Isobel,O'Crigane,isobel.o'crigane,jzjelgwjnh,FALSE
501,Malorie,Robiou,malorie.robiou,qtnqlhpruc,FALSE
502,Shanon,Kalinsky,shanon.kalinsky,hcykjthgkl,TRUE
503,Carissa,Morales,carissa.morales,okehddnesn,TRUE
504,Evvie,Vasilchikov,evvie.vasilchikov,ngvpjocany,TRUE
505,Mechelle,Cuniam,mechelle.cuniam,zfliijcbtr,TRUE
506,Erika,McCumskay,erika.mccumskay,ntavdwdysm,FALSE
507,Mic,Milsap,mic.milsap,iwgyauktib,FALSE
508,Hadley,Lain,hadley.lain,kbeghnnidx,TRUE
509,Ambrose,Emlyn,ambrose.emlyn,vwacjstzjt,TRUE
510,Alyson,Brotherhood,alyson.brotherhood,yvzeakwbhs,FALSE
511,Christi,Capps,christi.capps,vwwzqsgxqp,FALSE
512,Elyn,Ellinor,elyn.ellinor,okxidwsdaj,TRUE
513,Lanny,Ciraldo,lanny.ciraldo,eimtxuvvnr,TRUE
514,Carey,Rawlcliffe,carey.rawlcliffe,yrismzrgzy,TRUE
515,Cyb,Kaiser,cyb.kaiser,adfmgxswbv,FALSE
516,Anstice,Cato,anstice.cato,vriecjdzcg,TRUE
517,Esme,Dinley,esme.dinley,peswvmzvbf,FALSE
518,Mata,Syseland,mata.syseland,yxjragfznw,FALSE
519,Emery,Sewell,emery.sewell,epozyycveb,FALSE
520,Ingram,Chrismas,ingram.chrismas,jdlidfdmdo,TRUE
521,Eula,Drepp,eula.drepp,yuyzlcuhda,FALSE
522,Jeralee,Sesons,jeralee.sesons,bjeqojsexc,TRUE
523,Kerianne,Harrismith,kerianne.harrismith,weogxmrdbd,FALSE
524,Lurleen,Nockles,lurleen.nockles,owxvpegqsw,FALSE
525,Faustine,Stores,faustine.stores,ryveykbury,FALSE
526,Arvin,Bresnen,arvin.bresnen,cxlzqaupjd,FALSE
527,Ada,Dyball,ada.dyball,lrqyyucjfl,TRUE
528,Gunar,Siddon,gunar.siddon,dhaqyuwqqw,TRUE
529,Gabriel,Seargeant,gabriel.seargeant,ujytywrfbv,TRUE
530,Eyde,Whiskerd,eyde.whiskerd,icffinehkp,TRUE
531,Jayne,Tumioto,jayne.tumioto,nepttpackk,TRUE
532,Lemmie,Davydenko,lemmie.davydenko,voaolbfstv,FALSE
533,Rozella,Bridgwater,rozella.bridgwater,tadytfclyd,TRUE
534,Goober,Arlett,goober.arlett,tfbidkmhqv,FALSE
535,Nate,Hallatt,nate.hallatt,rlcabtyluh,TRUE
536,Burnaby,Northin,burnaby.northin,rspujoecdf,TRUE
537,Valma,Lappine,valma.lappine,unvifkoupt,FALSE
538,Garvy,Keddie,garvy.keddie,bsqdsepbou,FALSE
539,My,Rodgman,my.rodgman,zrvgrwuddm,TRUE
540,Rachael,Pedrol,rachael.pedrol,jgofqocmfw,FALSE
541,Tremaine,Stedson,tremaine.stedson,vgxoqrkkww,FALSE
542,Farrand,Norsister,farrand.norsister,kkumzpkmkh,FALSE
543,Caroljean,Dudden,caroljean.dudden,wxzhnjhxkf,TRUE
544,Jobey,Pflieger,jobey.pflieger,kyoiirvbdu,TRUE
545,Jodie,Hardaway,jodie.hardaway,flkzrjuggq,FALSE
546,Temp,Riggert,temp.riggert,pmgmljosqa,FALSE
547,Mari,Briamo,mari.briamo,epvpomfugm,FALSE
548,Arlinda,Twinborough,arlinda.twinborough,jewlvnvhkp,TRUE
549,Edouard,Leander,edouard.leander,ktothctvxa,TRUE
550,Armand,Huge,armand.huge,inysbqtitn,TRUE
551,April,Maiden,april.maiden,bbbhvuysvj,TRUE
552,Gage,Mangion,gage.mangion,cupyumtpxz,FALSE
553,Karilynn,Ratcliff,karilynn.ratcliff,osraoaozwr,TRUE
554,Blisse,Leslie,blisse.leslie,psexidnnzb,FALSE
555,Franny,Queenborough,franny.queenborough,nhmxgttglb,FALSE
556,Deck,Doneld,deck.doneld,kcvruoclwt,TRUE
557,Candace,Ilyuchyov,candace.ilyuchyov,voehmmajqz,FALSE
558,Ruperto,Gorvin,ruperto.gorvin,wevpdyqsam,FALSE
559,Pris,Keeler,pris.keeler,jrytirvjwu,TRUE
560,Cindi,Caunter,cindi.caunter,eexncjdvpc,TRUE
561,Christyna,Lapish,christyna.lapish,vtjapmzmau,FALSE
562,Antonella,Nuth,antonella.nuth,knbudfzkrh,TRUE
563,Charity,Christensen,charity.christensen,fpqwicffjq,FALSE
564,Andeee,Merwe,andeee.merwe,chvnctzzts,TRUE
565,Ola,Gladdolph,ola.gladdolph,ecwiymfczv,FALSE
566,Glory,Fearnall,glory.fearnall,tdecipokbw,FALSE
567,Giacinta,Spedding,giacinta.spedding,vnwrjqchyl,FALSE
568,Susanetta,Terrans,susanetta.terrans,ydbuzknqxm,FALSE
569,Lavinie,Gormally,lavinie.gormally,zcmpzdgqjo,TRUE
570,Mischa,Edleston,mischa.edleston,ykkfpznijh,FALSE
571,Antonino,Valentinuzzi,antonino.valentinuzzi,ebjukcylxl,TRUE
572,Trenton,Josephoff,trenton.josephoff,pbobfghjkl,FALSE
573,Ingamar,Tinson,ingamar.tinson,kizdqnwmwn,FALSE
574,Erick,Reicharz,erick.reicharz,nijikcpacx,TRUE
575,Christyna,Grocott,christyna.grocott,dfbprlwpga,TRUE
576,Ernestus,Ropkes,ernestus.ropkes,oayqydrosx,FALSE
577,Leta,Whithalgh,leta.whithalgh,obhdgmlswn,TRUE
578,Dylan,Muston,dylan.muston,zkqlqcmwdm,TRUE
579,Alphonso,Craze,alphonso.craze,uonwvmrzvq,FALSE
580,Lorinda,Pickerin,lorinda.pickerin,athufxkzih,TRUE
581,Guido,Oliphand,guido.oliphand,bfhskkwvdx,FALSE
582,Kenn,McCague,kenn.mccague,fxplxwgvla,TRUE
583,Alina,Treneman,alina.treneman,zogbnrwuew,TRUE
584,Arty,Bassano,arty.bassano,xzzomtfclp,FALSE
585,Fay,Siflet,fay.siflet,fhutfspbgi,FALSE
586,Noni,Fennell,noni.fennell,kzcwzkrktk,FALSE
587,Mabel,Blemings,mabel.blemings,fjtunifhnf,FALSE
588,Amity,Boatman,amity.boatman,oyqkmrgjyw,FALSE
589,Ottilie,Danihel,ottilie.danihel,peucijlkxm,TRUE
590,Dorrie,Reggler,dorrie.reggler,eepcsjjzmw,TRUE
591,Worthington,Margrem,worthington.margrem,rwckafyrto,FALSE
592,Demott,Benediktovich,demott.benediktovich,asxzvhneth,TRUE
593,Inez,McCullouch,inez.mccullouch,mauqplgbxh,TRUE
594,Nertie,Tidy,nertie.tidy,fxeqjrsfkp,FALSE
595,Tandi,Raikes,tandi.raikes,ndaprpdvcb,TRUE
596,Klemens,Ranyard,klemens.ranyard,vyooxotcwy,TRUE
597,Hersch,Broggetti,hersch.broggetti,mhxpzrgicy,FALSE
598,Judy,Seally,judy.seally,moqhjimkbr,TRUE
599,Torre,McVanamy,torre.mcvanamy,qmjwbshtoj,TRUE
600,Olimpia,Footer,olimpia.footer,flvqeajlis,TRUE
601,Adda,Bluck,adda.bluck,ywgkeiaqdv,FALSE
602,Keene,Finnimore,keene.finnimore,yumoivrbca,TRUE
603,Hussein,Walkingshaw,hussein.walkingshaw,jatwpcsesn,FALSE
604,Thane,Glynn,thane.glynn,scdklmlbhf,FALSE
605,Chrystel,Batter,chrystel.batter,esmmdgaixc,TRUE
606,Moise,O'Hern,moise.o'hern,qffhgdbmss,FALSE
607,Alayne,Tregoning,alayne.tregoning,mwakfoxjzv,TRUE
608,Stavros,Burkart,stavros.burkart,eutuqasldi,TRUE
609,Candi,Limon,candi.limon,oqhsurwsyv,TRUE
610,Wanda,Dennitts,wanda.dennitts,fobtceppnb,FALSE
611,Gayle,Lailey,gayle.lailey,ojanrbonst,FALSE
612,Elke,Stonary,elke.stonary,dootgghlvj,TRUE
613,Robina,Duferie,robina.duferie,rytwekrmjf,FALSE
614,Kathrine,Andrzej,kathrine.andrzej,ibneppihuo,TRUE
615,Thaxter,Tunbridge,thaxter.tunbridge,ezkuyemxxg,FALSE
616,Reeba,Ridulfo,reeba.ridulfo,lsdjhjgajp,FALSE
617,Ann,Ortmann,ann.ortmann,rbcxwmseeu,TRUE
618,Claiborne,Bosley,claiborne.bosley,pkprtuqkgw,TRUE
619,Lyle,Parysowna,lyle.parysowna,uxuobqqvkq,TRUE
620,Delaney,Goatcher,delaney.goatcher,corlgqkviz,TRUE
621,Florida,Lasty,florida.lasty,yhdixsczsa,TRUE
622,Warde,Georges,warde.georges,dgltsltyhi,FALSE
623,Farley,Bouchard,farley.bouchard,rhyvqpeljm,FALSE
624,Inglis,Spraggs,inglis.spraggs,ozcwbnozef,FALSE
625,Suzanne,Sowerby,suzanne.sowerby,meqcdncmvg,TRUE
626,Breanne,Knight,breanne.knight,mhltuqxeri,TRUE
627,Jennifer,Suttle,jennifer.suttle,naeuzrgivo,TRUE
628,Dar,Gannicleff,dar.gannicleff,bifgebbhsp,FALSE
629,Rasia,Carrabot,rasia.carrabot,jrifylogsz,TRUE
630,Othilia,Grunnill,othilia.grunnill,aevpawgxuh,FALSE
631,Alisander,Babidge,alisander.babidge,sqolwnhudq,TRUE
632,Briana,Pitblado,briana.pitblado,zoagpaarfk,TRUE
633,Jerry,Negro,jerry.negro,sbjscxicqw,FALSE
634,Florina,Overbury,florina.overbury,jfyqgmicbc,FALSE
635,Celie,Lacey,celie.lacey,lzuitrxlpx,TRUE
636,Gray,Colkett,gray.colkett,hccwijccta,FALSE
637,Joycelin,Berkely,joycelin.berkely,likihmhxqs,TRUE
638,Kassi,Carncross,kassi.carncross,eqkmjglwjc,TRUE
639,Raye,Kerry,raye.kerry,reqznaivyi,TRUE
640,Milo,Rochester,milo.rochester,rckisumndp,FALSE
641,Megan,Ungaretti,megan.ungaretti,swocjtcgel,TRUE
642,Bev,Ladd,bev.ladd,htwuofkvyd,FALSE
643,Huntley,Duchesne,huntley.duchesne,gnobsugidf,FALSE
644,Raimund,Cruwys,raimund.cruwys,jnkmqpzisi,TRUE
645,Natty,Cleverley,natty.cleverley,vnfxpwbjbx,FALSE
646,Binny,Daine,binny.daine,nxpawhwaxo,FALSE
647,Essa,Facey,essa.facey,djypyczjgw,TRUE
648,Sergio,De Ath,sergio.de ath,kmocnbswpz,FALSE
649,Seward,Gurley,seward.gurley,dkfapkfxfj,TRUE
650,Chelsy,Stratley,chelsy.stratley,tipxcexdyh,TRUE
651,Jordan,Dyet,jordan.dyet,mmhaknkgxb,TRUE
652,Ky,Checklin,ky.checklin,ozrjsmfklq,TRUE
653,Nanete,Aronson,nanete.aronson,bmcojiqwpc,TRUE
654,Laurianne,Rupprecht,laurianne.rupprecht,bvqsxhmtuu,FALSE
655,Randal,Walsham,randal.walsham,hgfigvavcj,FALSE
656,Lurleen,Orry,lurleen.orry,uaeuzawzlk,FALSE
657,Adelheid,Ambrosini,adelheid.ambrosini,fiuggjvczc,FALSE
658,Elsie,Boullen,elsie.boullen,raduddwhbz,TRUE
659,Jasen,Cottem,jasen.cottem,idhuokpvdu,TRUE
660,Loleta,Croson,loleta.croson,gztqwjowsl,FALSE
661,Phaidra,Van der Kruis,phaidra.van der kruis,tdtzaiyndv,FALSE
662,Wanids,Grealey,wanids.grealey,rxlosxypuw,TRUE
663,Florrie,Gainsborough,florrie.gainsborough,nmqvbfmkxu,TRUE
664,Constantine,Bamlett,constantine.bamlett,hklrqlwvmz,TRUE
665,Jeanie,Lottrington,jeanie.lottrington,iifytwufgj,TRUE
666,Alisa,Hellwig,alisa.hellwig,eviwthjtrm,FALSE
667,Starla,Shout,starla.shout,ffkrijstcn,TRUE
668,Berkeley,Winslow,berkeley.winslow,denzmvqcrt,FALSE
669,Drucy,Prophet,drucy.prophet,vjssmfckwv,FALSE
670,Josefina,Cutbirth,josefina.cutbirth,rtioklzsfd,TRUE
671,Sasha,Pickerill,sasha.pickerill,bpiwkwllcy,TRUE
672,Leonore,Rotlauf,leonore.rotlauf,ocaxuphohv,TRUE
673,Alene,Ragles,alene.ragles,agwutpkxre,FALSE
674,Minnnie,Klassmann,minnnie.klassmann,zceqewevcp,TRUE
675,Siegfried,Warbeys,siegfried.warbeys,sbzguzsslg,TRUE
676,Godart,Pickvance,godart.pickvance,atwxmxetvv,TRUE
677,Mylo,Gulliman,mylo.gulliman,hauoxexphz,TRUE
678,Lawrence,Turbat,lawrence.turbat,mxsdaupumk,TRUE
679,Malynda,Sanchis,malynda.sanchis,wurkizgfym,TRUE
680,Evered,Strattan,evered.strattan,hzkuizvcji,TRUE
681,Benoite,Robatham,benoite.robatham,afxxggbvas,FALSE
682,Ludovika,Brisseau,ludovika.brisseau,phqkkazfxs,FALSE
683,Doralynne,Guilfoyle,doralynne.guilfoyle,ruxsrquvyf,TRUE
684,Clarissa,Keenleyside,clarissa.keenleyside,qhrrsghpuv,FALSE
685,Midge,Mariolle,midge.mariolle,exclmlyfrx,FALSE
686,Averil,Tanner,averil.tanner,epacondisb,TRUE
687,Harmonia,Hartup,harmonia.hartup,pzkhwdyvpw,TRUE
688,Jermaine,Sarjent,jermaine.sarjent,crxqnfsurp,FALSE
689,Taddeo,Bilston,taddeo.bilston,jtinoqrisk,FALSE
690,Darb,Henniger,darb.henniger,dquhnbzljh,TRUE
691,Amelia,Lavalde,amelia.lavalde,ugoyxejgpp,TRUE
692,Alyssa,Vonderdell,alyssa.vonderdell,cysekovjxw,FALSE
693,Modesta,Fippe,modesta.fippe,fttlnuefao,TRUE
694,Sibley,Rylands,sibley.rylands,wrkqwouppi,TRUE
695,Magda,Artrick,magda.artrick,aulifnwtal,FALSE
696,Leonore,Moulsdale,leonore.moulsdale,mzviuldgfn,TRUE
697,Ursa,Haill,ursa.haill,pypmpfeclc,TRUE
698,Aurea,Bridewell,aurea.bridewell,dgkxkgcwaf,FALSE
699,Amanda,Hodgets,amanda.hodgets,hzixdwykji,TRUE
700,Paxton,Unsworth,paxton.unsworth,ryktebxjsr,FALSE
701,Odell,Abson,odell.abson,eppsmgnaby,TRUE
702,Pincus,Hardwick,pincus.hardwick,vigkhhjeff,FALSE
703,Birch,Ackland,birch.ackland,brbnmtcbwt,FALSE
704,Gustave,Darby,gustave.darby,nowkvkfdzw,TRUE
705,Stephine,Emanueli,stephine.emanueli,mfiafgizwo,TRUE
706,Kaleena,Staziker,kaleena.staziker,ajgtujmvkl,FALSE
707,Sonnnie,Pidon,sonnnie.pidon,ouhslvvczm,FALSE
708,Caty,Antcliffe,caty.antcliffe,xpztfrbcty,TRUE
709,Donaugh,Look,donaugh.look,vhgoxvhbwm,FALSE
710,King,Paule,king.paule,xjjhwctsvx,FALSE
711,Carroll,Peppard,carroll.peppard,oxwquwdlcl,TRUE
712,Pippa,McWilliams,pippa.mcwilliams,rxudgihire,TRUE
713,Meir,Devey,meir.devey,lprkrzwtxp,TRUE
714,Bob,Tolle,bob.tolle,tycrcqiyie,FALSE
715,Jerrie,Avard,jerrie.avard,chldkxzkgi,FALSE
716,Rebekah,Regglar,rebekah.regglar,mjejlvucmf,FALSE
717,Forbes,Extance,forbes.extance,ivbxkjxfeu,TRUE
718,Antonie,Gatlin,antonie.gatlin,wdfpdowbgx,TRUE
719,Codie,Leveritt,codie.leveritt,fmgswuxbwv,TRUE
720,Padraic,Stivers,padraic.stivers,olionxlsxt,FALSE
721,Johnny,Braidley,johnny.braidley,ylmghzricw,FALSE
722,Sutton,Faldo,sutton.faldo,lwcqrabrfu,TRUE
723,Dorey,Winstanley,dorey.winstanley,vyzafgopsd,TRUE
724,Demetria,Dresche,demetria.dresche,fgeidlxmjz,FALSE
725,Marcy,Kirgan,marcy.kirgan,oodxclcxyq,FALSE
726,Patsy,Seamark,patsy.seamark,duugqigjxo,FALSE
727,Kevan,Cumbers,kevan.cumbers,driigngajg,FALSE
728,Tonie,Tebbit,tonie.tebbit,gyqdtocnip,TRUE
729,Kissie,Tebbs,kissie.tebbs,hjiuudobih,FALSE
730,Hilliard,Shiel,hilliard.shiel,bywnjzskws,FALSE
731,Alfred,Sterley,alfred.sterley,reiccwutrg,FALSE
732,Hersch,Finlaison,hersch.finlaison,pihglnkvha,TRUE
733,Laurella,Filkov,laurella.filkov,abyxskwyof,FALSE
734,Erma,Earles,erma.earles,ppzcmjiibo,FALSE
735,Carmel,Golagley,carmel.golagley,sleifbicyh,FALSE
736,Kacy,Daglish,kacy.daglish,ziypjknxdm,FALSE
737,Kristy,Littrell,kristy.littrell,yccuhnkash,FALSE
738,Caril,Blackbourn,caril.blackbourn,zsmnnocmik,TRUE
739,Olwen,Klimas,olwen.klimas,cyznohwozf,TRUE
740,Baillie,Brayne,baillie.brayne,sxdmtmuzes,FALSE
741,Pembroke,Attac,pembroke.attac,pqjcefpxno,TRUE
742,Koressa,Grestye,koressa.grestye,ybgkqdfukw,FALSE
743,Toni,Casterton,toni.casterton,umxtbbuyck,TRUE
744,Sarah,Le Merchant,sarah.le merchant,odsrjdbqeh,FALSE
745,Emory,Abilowitz,emory.abilowitz,cboontvkic,FALSE
746,Doloritas,Simnett,doloritas.simnett,czbysbmehc,TRUE
747,Imogen,Badam,imogen.badam,cgnnweypzp,FALSE
748,Stacy,Cosgry,stacy.cosgry,eljymxwefz,FALSE
749,Ricki,Fairfoull,ricki.fairfoull,tzrbfdokxl,FALSE
750,Marvin,Jellybrand,marvin.jellybrand,afgjcbgope,FALSE
751,Codi,Jeschner,codi.jeschner,qchtzeqmkn,FALSE
752,Sherlocke,Stimpson,sherlocke.stimpson,snyrkfjaip,FALSE
753,Frannie,Olivi,frannie.olivi,jysexunjte,TRUE
754,Phil,Pybworth,phil.pybworth,kaaaiasroh,TRUE
755,Garv,Morritt,garv.morritt,eraetyslbd,FALSE
756,Karim,Stellman,karim.stellman,xkdmndlijf,FALSE
757,Hewie,O'Shirine,hewie.o'shirine,kxknjhpnqw,FALSE
758,Amabelle,Blabie,amabelle.blabie,zhczqbwgyf,TRUE
759,Roby,Mariault,roby.mariault,kguyyhjzim,TRUE
760,Nicky,Scarff,nicky.scarff,snpntprxsc,TRUE
761,Nertie,Axten,nertie.axten,ctmnbwpmvz,FALSE
762,Mendel,Sarfatti,mendel.sarfatti,pxcwnmdcbv,TRUE
763,Luisa,Sign,luisa.sign,dmmacgttkr,TRUE
764,Sidnee,Jobbins,sidnee.jobbins,nxzghceykk,FALSE
765,Cody,Gundrey,cody.gundrey,xtouvomhdm,FALSE
766,Kris,Chaddock,kris.chaddock,mfyzgwisey,TRUE
767,Joshua,Aldrick,joshua.aldrick,ateotywaxp,TRUE
768,Inglebert,Buckler,inglebert.buckler,uboksopejx,FALSE
769,Ebonee,Red,ebonee.red,kukcuzebxs,TRUE
770,Benedicta,Spykings,benedicta.spykings,cwzbwgcema,FALSE
771,Lenard,Chinery,lenard.chinery,ekchnxobhz,TRUE
772,Maura,Wilmington,maura.wilmington,oqyejeaoyf,TRUE
773,Seward,Androck,seward.androck,hemkbrlnva,TRUE
774,Sherilyn,Andrichak,sherilyn.andrichak,wdinexbsuk,FALSE
775,Mahala,Thon,mahala.thon,wsajljgeex,FALSE
776,Malcolm,Fadden,malcolm.fadden,tfcdcnuezv,TRUE
777,Marwin,MacDougall,marwin.macdougall,uwbekwmzdm,TRUE
778,Rodolfo,Tingle,rodolfo.tingle,xgpsktzkdy,TRUE
779,Poppy,Blomfield,poppy.blomfield,zhuxgcuihr,TRUE
780,Etan,Fortye,etan.fortye,mivrfbxfph,TRUE
781,Sharia,Tomanek,sharia.tomanek,xcspaiknsi,FALSE
782,Phillip,Belshaw,phillip.belshaw,tpuucvhmzd,FALSE
783,Crosby,Tunsley,crosby.tunsley,fefcxahhtp,TRUE
784,Nadeen,Norcutt,nadeen.norcutt,vmpagndxqk,TRUE
785,Foss,Kingswoode,foss.kingswoode,jhuqdgdlpz,TRUE
786,Hildagard,Firmager,hildagard.firmager,cewcxuxqdg,FALSE
787,Wesley,Lias,wesley.lias,pnkaysvche,FALSE
788,Scottie,Benaine,scottie.benaine,qvrjolwurp,TRUE
789,Maia,Guierre,maia.guierre,juzxcklyni,TRUE
790,Lona,Gilhouley,lona.gilhouley,fijffigpeu,FALSE
791,Meredith,Tremontana,meredith.tremontana,liwquvvgml,FALSE
792,Manuel,Wytchard,manuel.wytchard,icpgnmxioe,TRUE
793,Rees,Doree,rees.doree,imhkgfesdd,FALSE
794,Mandi,Bagshawe,mandi.bagshawe,aqbtiitsyo,TRUE
795,Caleb,Mursell,caleb.mursell,rlsglwdgtg,TRUE
796,Mendel,Spellman,mendel.spellman,tcqrskdxsp,FALSE
797,Barbette,Unstead,barbette.unstead,ipaulqzrwk,FALSE
798,Hayden,Acum,hayden.acum,tukhlccxej,TRUE
799,Kati,Summersett,kati.summersett,wvvxsfbtte,FALSE
800,Valle,Valek,valle.valek,owczzejauk,TRUE
801,Angelita,Kennermann,angelita.kennermann,jjfsgvgbvk,TRUE
802,Wallache,Goshawke,wallache.goshawke,jjpvwpfpyz,TRUE
803,Feodor,Pinnere,feodor.pinnere,cylznopayg,TRUE
804,Kenny,McGilvray,kenny.mcgilvray,ssxftxrpaw,FALSE
805,Griffy,Lambillion,griffy.lambillion,esrpmwfqqn,TRUE
806,Hermy,Dudhill,hermy.dudhill,ypwehvejwa,FALSE
807,Modesta,Rowlett,modesta.rowlett,hanponynnl,TRUE
808,Ruy,MacNaughton,ruy.macnaughton,zvthrvkajs,FALSE
809,Alida,Rubinsaft,alida.rubinsaft,tqazptopen,FALSE
810,Frederigo,Casely,frederigo.casely,iwnxuxboyh,FALSE
811,Nedda,Lummasana,nedda.lummasana,fgoeunrytb,TRUE
812,Sosanna,Shankle,sosanna.shankle,qvygeemmkv,FALSE
813,Bearnard,Yushmanov,bearnard.yushmanov,xrogxrsgce,FALSE
814,Erskine,Osborne,erskine.osborne,zziewzyiif,TRUE
815,Horacio,Baddoe,horacio.baddoe,jdsyxskjsq,TRUE
816,Joelynn,Swift,joelynn.swift,yyqrznqeyf,TRUE
817,Henri,Dearnaly,henri.dearnaly,lbuxejsavr,TRUE
818,Maryrose,Valerio,maryrose.valerio,msirafhkcw,FALSE
819,Gilberta,Bewfield,gilberta.bewfield,cnnjrgssss,TRUE
820,Brett,Philcock,brett.philcock,jyozietbxo,FALSE
821,Meg,Barkhouse,meg.barkhouse,ssepwzqpin,TRUE
822,Leisha,Merryweather,leisha.merryweather,iguiccvvop,TRUE
823,Inga,Clearie,inga.clearie,xtsvdwkufn,TRUE
824,Hubie,Vischi,hubie.vischi,ajclpkcdvz,FALSE
825,Dre,Shropsheir,dre.shropsheir,vdxzofegjo,TRUE
826,Fayre,Confait,fayre.confait,laertnmxhy,FALSE
827,Mychal,Shailer,mychal.shailer,ybobgrrtwx,FALSE
828,Trumann,Drewitt,trumann.drewitt,lkgouqgrnl,FALSE
829,Tudor,Laxe,tudor.laxe,gpxfmcyziz,FALSE
830,Erica,Baistow,erica.baistow,jxcvxkxsen,FALSE
831,Charmine,Martyntsev,charmine.martyntsev,cstsqbnppy,FALSE
832,Dennet,Benediktsson,dennet.benediktsson,dqdivuohpu,TRUE
833,Darb,Pietrzyk,darb.pietrzyk,jqlqmjfwkg,TRUE
834,Gerald,Lipgens,gerald.lipgens,rgqgcmnpcf,TRUE
835,Sterne,O'Noulane,sterne.o'noulane,hepraepvom,FALSE
836,Skipp,Seddon,skipp.seddon,mssbtndqvq,TRUE
837,Vernen,Doxey,vernen.doxey,zcnnqmvfco,FALSE
838,Asia,Adrien,asia.adrien,kmvwkqxkjk,TRUE
839,Janis,Ughetti,janis.ughetti,oorlvvwour,TRUE
840,Frasier,Farens,frasier.farens,cewsgtceep,FALSE
841,Lanita,Balassi,lanita.balassi,itvuxmpqxb,TRUE
842,Josey,Chisman,josey.chisman,cricoibpzv,FALSE
843,Portie,Johnson,portie.johnson,tchdlzkyew,FALSE
844,Tobias,Ship,tobias.ship,bzkexowose,FALSE
845,Mathian,Pavolini,mathian.pavolini,opqznvdtax,FALSE
846,Burke,O'Loughane,burke.o'loughane,gmyolrowbj,FALSE
847,Allayne,Bartelet,allayne.bartelet,hurgneggwi,TRUE
848,Gerald,Di Napoli,gerald.di napoli,ggzyrlazkb,FALSE
849,Dunstan,Gravell,dunstan.gravell,vxzwsuqgfm,FALSE
850,Ardeen,Bellino,ardeen.bellino,sfixfvypjk,FALSE
851,Brunhilde,Gimson,brunhilde.gimson,hrxjlychpf,FALSE
852,Lethia,Yegorchenkov,lethia.yegorchenkov,cqosqqypam,TRUE
853,Heda,Horder,heda.horder,efcgrxqnyh,FALSE
854,Morley,Rany,morley.rany,zyfnodzttg,FALSE
855,Mae,Durbann,mae.durbann,ycyuvqvfer,FALSE
856,Jedd,Pinck,jedd.pinck,uetjjonlfp,FALSE
857,Gasparo,Doggart,gasparo.doggart,fygzjbfvcx,TRUE
858,Vera,Hubbocks,vera.hubbocks,kkbfgvrqcp,FALSE
859,Sigvard,Guirard,sigvard.guirard,hvsoefeafi,TRUE
860,Cherin,Chorlton,cherin.chorlton,jhhpjpeurz,TRUE
861,Bunny,Milstead,bunny.milstead,cffpmnqwxg,FALSE
862,Jackie,Peaseman,jackie.peaseman,qhsfnwgycu,TRUE
863,Ransell,Reeders,ransell.reeders,uucwmjfrwz,TRUE
864,Joann,Zeale,joann.zeale,nargktwnmh,TRUE
865,Lilah,Phoebe,lilah.phoebe,jpqhcpziss,FALSE
866,Sheba,Crofts,sheba.crofts,bjkncqvbdf,TRUE
867,Jeffrey,Dodman,jeffrey.dodman,xjtnuyyplf,TRUE
868,Krystalle,Druitt,krystalle.druitt,ifhqeiryar,TRUE
869,Bunnie,Taunton.,bunnie.taunton.,migzyvvtnk,TRUE
870,Eleanore,Kynvin,eleanore.kynvin,zfavkvdmwa,FALSE
871,Opalina,Tunnicliff,opalina.tunnicliff,grwdrzscvh,FALSE
872,Heda,Duffie,heda.duffie,ozalcefbrw,FALSE
873,Reine,Carren,reine.carren,kvacmqvgsm,TRUE
874,Janifer,Gladtbach,janifer.gladtbach,fzjyfhuaod,FALSE
875,Ilario,Copley,ilario.copley,owrgxlurts,FALSE
876,Irv,Davidove,irv.davidove,oucjuuhhui,TRUE
877,Blaire,Jewks,blaire.jewks,glkfixoqjd,FALSE
878,Riley,Fenton,riley.fenton,rarwhqrwdm,TRUE
879,Karyl,Juggings,karyl.juggings,lngszpnmsi,TRUE
880,Horacio,Sich,horacio.sich,yasvrllnob,FALSE
881,Deana,Greim,deana.greim,villsqrrxf,TRUE
882,Mufinella,Nemchinov,mufinella.nemchinov,ovblbopgds,TRUE
883,Jacinta,Bohler,jacinta.bohler,ixlnutlkwj,TRUE
884,Sascha,Hammon,sascha.hammon,obsqgcujob,FALSE
885,Koressa,Dood,koressa.dood,ccwszuwhqb,FALSE
886,Janean,Swaton,janean.swaton,kaabeluksw,TRUE
887,Byrann,Fowlie,byrann.fowlie,agjlbflbls,TRUE
888,Leopold,Gregorace,leopold.gregorace,fchkrubhaa,TRUE
889,Kerby,Chubb,kerby.chubb,jgcronzihj,TRUE
890,Gisela,Rotge,gisela.rotge,mhylitqezr,TRUE
891,Elita,Lindman,elita.lindman,blahfhdtss,FALSE
892,Winna,Winkett,winna.winkett,jhnifkydbh,FALSE
893,Connie,Trimby,connie.trimby,nckdavhzcm,FALSE
894,Demeter,Piser,demeter.piser,ommvsdhdrx,TRUE
895,Nessie,Soloway,nessie.soloway,uwqrtibffx,FALSE
896,Manny,MacRinn,manny.macrinn,wvjauteahl,TRUE
897,Dulcine,Fosher,dulcine.fosher,ecxzbwkzly,FALSE
898,Petra,Smooth,petra.smooth,nvkikwlmad,TRUE
899,Erroll,Norley,erroll.norley,pabvfqqath,TRUE
900,Serene,Zanettini,serene.zanettini,bhwxemfglh,FALSE
901,Henrieta,Brummitt,henrieta.brummitt,vozskrcffx,TRUE
902,Sheila-kathryn,Paviour,sheila-kathryn.paviour,ulbjudasaf,TRUE
903,Bertie,Dreng,bertie.dreng,vbbuirvyvb,FALSE
904,Gerry,Goretti,gerry.goretti,tqduetpceq,FALSE
905,Jyoti,Welland,jyoti.welland,wpuddteksj,FALSE
906,Eryn,Ginn,eryn.ginn,etefmwcico,TRUE
907,Vivi,Fiddian,vivi.fiddian,akxsjwqcyq,TRUE
908,Dari,Fretson,dari.fretson,oojsgoouuy,FALSE
909,Silvano,Maccari,silvano.maccari,wfckpvlzfo,TRUE
910,Anastasia,Noone,anastasia.noone,ldaainkasm,FALSE
911,Freddie,Cholton,freddie.cholton,hsazjxxkrs,TRUE
912,Jule,Winscomb,jule.winscomb,vucngfgjbz,TRUE
913,Benita,Gilvear,benita.gilvear,bjwziyhwgr,FALSE
914,Niko,Greenshields,niko.greenshields,qvbgwmlqez,TRUE
915,Curr,Ralestone,curr.ralestone,srelbhcwpk,TRUE
916,Gae,Attwooll,gae.attwooll,dmatglfpaj,FALSE
917,Aland,Baumann,aland.baumann,hzemloltar,FALSE
918,Morgen,Quenell,morgen.quenell,afqofepvzs,FALSE
919,Marybelle,Cristofvao,marybelle.cristofvao,hwifuuqilw,TRUE
920,Tabby,Whitefoot,tabby.whitefoot,setxhqrlxs,FALSE
921,Brandais,Randales,brandais.randales,cwraeqvrcd,TRUE
922,Riki,Kennea,riki.kennea,odkilbbzbv,TRUE
923,Rudolfo,Halsall,rudolfo.halsall,itkbbwojbg,FALSE
924,Leonelle,Kelledy,leonelle.kelledy,dlfvtergyj,FALSE
925,Worthy,Gandar,worthy.gandar,osskzzahqb,FALSE
926,Deck,Feasey,deck.feasey,kvkwgewnyn,TRUE
927,Osbourn,Shelton,osbourn.shelton,zakvnzuyfi,FALSE
928,Bobbe,Kittoe,bobbe.kittoe,leziwciazp,FALSE
929,Gordon,Pimley,gordon.pimley,uqwocudgwv,FALSE
930,Cyndia,Schafer,cyndia.schafer,epgxwsjvkf,FALSE
931,Scottie,Abelovitz,scottie.abelovitz,mmwuajypui,TRUE
932,Vail,Spackman,vail.spackman,dloeqceyii,FALSE
933,Myriam,Coltherd,myriam.coltherd,musdjtytxr,FALSE
934,Homer,Cuchey,homer.cuchey,mtkhbtoctr,FALSE
935,Milka,Pollicote,milka.pollicote,zazqvebqqc,TRUE
936,Cicily,Abrahmson,cicily.abrahmson,ldavrnbiqa,FALSE
937,Josefa,Dimitrie,josefa.dimitrie,irsgjfeuja,FALSE
938,Nanny,Avory,nanny.avory,xpivrywkgf,FALSE
939,Cassie,Wagnerin,cassie.wagnerin,ecwcfaygnm,FALSE
940,Florentia,Burnage,florentia.burnage,hljxostzbv,TRUE
941,Moira,Millsap,moira.millsap,zcwjggpiyj,TRUE
942,Willette,Blasius,willette.blasius,gshjukpwoy,FALSE
943,Heath,Tuley,heath.tuley,vkoimfezqp,FALSE
944,Alvinia,Mephan,alvinia.mephan,ggebibcnfz,FALSE
945,Agustin,Scholling,agustin.scholling,ecqysqwrfi,FALSE
946,Davey,Murfett,davey.murfett,mhmnodmdmp,FALSE
947,Tamra,Leroy,tamra.leroy,zirupzaahn,FALSE
948,Cherianne,Servant,cherianne.servant,tkyrvyampb,FALSE
949,Jared,Eykelhof,jared.eykelhof,ihhoyaopdx,FALSE
950,Livvy,McGahern,livvy.mcgahern,sfaqrscbif,TRUE
951,Simonette,Hannaby,simonette.hannaby,lisvimjoiw,TRUE
952,Cybil,Dowbiggin,cybil.dowbiggin,jwvznfraom,TRUE
953,Van,Sanbrooke,van.sanbrooke,kbfukoetwp,FALSE
954,Karolina,Tattoo,karolina.tattoo,cpselthall,FALSE
955,Godwin,Eburah,godwin.eburah,ouxtgzmxoo,TRUE
956,Elisha,McGlone,elisha.mcglone,bxwcgosvcp,TRUE
957,Harriott,Sherington,harriott.sherington,omrqseshlq,FALSE
958,Bonnibelle,Yarham,bonnibelle.yarham,pvoqeustnn,TRUE
959,Bonita,MacLese,bonita.maclese,rjjsighmwf,FALSE
960,Shela,Obert,shela.obert,gyfpbbrmtp,FALSE
961,Gigi,Kuhnel,gigi.kuhnel,ukgfksxjmn,FALSE
962,Hannie,Adamowitz,hannie.adamowitz,ppmhxnehtz,TRUE
963,Jessalin,Hughson,jessalin.hughson,bbvcmtewvj,FALSE
964,Harrie,Reeday,harrie.reeday,dsqcazomef,FALSE
965,Taddeo,Grevatt,taddeo.grevatt,qtttwtdgtw,TRUE
966,Torey,Slessor,torey.slessor,fijbikazhq,FALSE
967,Gwenneth,Bartels,gwenneth.bartels,gdpyqtrszy,TRUE
968,Adi,Kuhl,adi.kuhl,hwgjnljwnf,FALSE
969,Joelly,Chomiszewski,joelly.chomiszewski,cwbdnqgxza,TRUE
970,Erica,Ricardo,erica.ricardo,prghufnpni,TRUE
971,Dominik,Roscam,dominik.roscam,abrisjpfog,TRUE
972,Amberly,Kilmaster,amberly.kilmaster,pfaxxrhjdx,FALSE
973,Walliw,Brandom,walliw.brandom,zgxvhlryrf,TRUE
974,Uri,Pawlicki,uri.pawlicki,rspgqsolty,TRUE
975,Catlee,Gillan,catlee.gillan,bddezvbjmp,TRUE
976,Onida,Drewson,onida.drewson,twbbzdpdnb,FALSE
977,Marthe,Mellsop,marthe.mellsop,bnnltkwnsn,FALSE
978,Daffy,Kirsche,daffy.kirsche,bapvtrkynb,TRUE
979,Herold,Jeayes,herold.jeayes,rwwltnrctw,TRUE
980,Martie,Pougher,martie.pougher,rkttlhewcg,TRUE
981,Haven,Downie,haven.downie,riljtrpmtm,FALSE
982,Adams,Flew,adams.flew,xunbevmwfz,FALSE
983,Hanny,Presswell,hanny.presswell,wciyxptntt,TRUE
984,Valaria,Cranstoun,valaria.cranstoun,itlsigsobh,FALSE
985,Hillier,Cleen,hillier.cleen,wknwkwhpvp,FALSE
986,Fabian,Hugonet,fabian.hugonet,pmrttstatk,TRUE
987,Norine,Warstall,norine.warstall,hhvbdoniuf,TRUE
988,Pascal,Reisen,pascal.reisen,jzioumcrsg,TRUE
989,Marlene,Hanks,marlene.hanks,seofhoodqi,FALSE
990,Brantley,Lowes,brantley.lowes,yceqaeqvmr,TRUE
991,Ty,Swepstone,ty.swepstone,wcmnoaracf,FALSE
992,Sunny,Swinn,sunny.swinn,jojasldmqo,TRUE
993,Ruprecht,Pedel,ruprecht.pedel,yhysgrwejn,FALSE
994,Laina,Hagyard,laina.hagyard,evaqlbhlvn,TRUE
995,Margareta,Claasen,margareta.claasen,xipwutjgmw,FALSE
996,Denice,Smyth,denice.smyth,hxdmehkvwk,TRUE
997,Townie,Rowatt,townie.rowatt,tsdpggqiyv,FALSE
998,Merry,Pinder,merry.pinder,hvqgwhtier,FALSE
999,Jolene,Hyam,jolene.hyam,cwwxdmfryo,FALSE
1000,Shayla,Bodsworth,shayla.bodsworth,wrqxdlommh,TRUE
